CustomerID,Age,Gender,AnnualIncome,SpendingScore,PurchaseHistory,ResponseRate
1,36,1,4944,78,49,0.2382868513534916
2,27,1,9509,29,36,0.7762225185540936
3,28,1,4365,22,18,0.33444985462488963
4,21,0,2017,55,47,0.49529207186612556
5,60,1,7803,41,23,0.8446440821396393
6,70,1,2850,10,28,0.9043909518736503
7,20,0,9332,70,3,0.3619303717499057
8,60,0,3376,78,2,0.5720774288844104
9,55,0,8763,84,19,0.4096440719542146
10,50,0,3051,89,7,0.29008405599109577
11,37,0,4763,75,0,0.04234886352763667
12,70,1,4136,45,45,0.39166484068296603
13,45,0,3435,19,21,0.19036486430169486
14,22,1,7483,18,19,0.8596134379203381
15,70,1,6701,32,15,0.3690570872513542
16,55,1,8079,61,4,0.6374225372756956
17,47,0,2759,6,44,0.9970097428191599
18,32,1,6689,30,39,0.7693601023465416
19,52,0,2960,43,17,0.4256968254402629
20,50,1,5939,32,24,0.3930460614638064
21,61,0,8475,46,18,0.5193580110940732
22,46,0,3258,24,9,0.7018558879473956
23,18,0,1246,41,1,0.25168532622028916
24,37,1,5238,95,18,0.8984978886890195
25,66,1,4237,91,48,0.8128374728415243
26,39,0,1129,73,2,0.5066926490091809
27,69,1,9652,20,27,0.13328691888568023
28,31,1,8278,61,25,0.18621979783918585
29,42,1,5229,89,45,0.7429462407903488
30,52,0,5811,60,44,0.1899491533348081
31,34,1,6791,24,9,0.3992805915755927
32,54,1,3601,72,20,0.5211950373525456
33,20,1,6826,63,6,0.7199122260879498
34,19,1,2081,88,49,0.8210516458972623
35,47,1,5097,95,36,0.6705980775751699
36,50,0,6362,34,27,0.2783241025091945
37,60,0,5851,44,33,0.2655302494245003
38,50,1,7438,78,43,0.2715287757984416
39,58,0,8475,67,49,0.5725026778860757
40,63,0,4720,8,25,0.2346133999874903
41,70,1,4343,73,36,0.7702037801805708
42,42,1,9530,30,46,0.3860254675304079
43,70,1,7663,8,44,0.9821336176596835
44,46,1,5163,50,28,0.07420646709178846
45,53,1,5356,84,36,0.03278033000736469
46,35,0,7194,60,38,0.09213222676300181
47,63,0,1770,63,49,0.242988111227185
48,47,1,1981,72,32,0.5256529732615777
49,65,1,6367,75,7,0.03406765635470188
50,19,1,5005,77,7,0.7967776750220185
51,53,1,4711,24,38,0.541546848288591
52,32,1,4158,14,0,0.9501533344507022
53,58,0,8904,10,10,0.2794017489218098
54,27,0,1223,23,16,0.1655839140187888
55,54,0,9142,94,27,0.36071577719717196
56,26,0,2357,87,38,0.8014233880997983
57,65,1,7076,64,28,0.9485944445021578
58,49,1,8185,23,27,0.5409883105432767
59,50,0,6871,84,45,0.14149634307381465
60,32,1,3677,51,18,0.3442789109001444
61,18,1,5953,45,32,0.7827870764799912
62,44,0,8878,69,20,0.05905418266397333
63,47,1,7305,26,47,0.8194771366057669
64,59,0,9100,12,42,0.69034017273227
65,66,1,2374,6,32,0.8090907973847056
66,36,1,8396,77,50,0.5776323735109046
67,32,0,9149,92,31,0.562896164012824
68,50,0,2137,87,42,0.5905675713869847
69,58,1,8989,42,4,0.07537934962129089
70,45,0,3138,71,49,0.011682021470703519
71,69,1,3956,27,37,0.7417709540015246
72,18,0,7405,81,15,0.7964099227114564
73,48,0,9163,62,22,0.0351770005689942
74,37,0,7131,19,48,0.10398140178650217
75,57,0,4372,43,34,0.37860204334523406
76,36,0,4222,63,48,0.08543864700814463
77,59,1,7224,52,34,0.5563242549511273
78,58,0,3726,47,50,0.19781785622385306
79,27,1,7118,46,21,0.9745370496606148
80,36,0,1947,25,3,0.7176389517521613
81,43,1,4376,83,47,0.1834968316032659
82,60,1,1551,59,33,0.9697264714708163
83,29,0,8587,51,10,0.6770642014711334
84,52,0,2506,76,16,0.8185201271681092
85,23,0,7343,54,2,0.040506297109087486
86,36,1,2260,16,25,0.8677233747774471
87,49,1,8890,69,7,0.05573278173002205
88,40,1,7782,95,25,0.8264137090381998
89,36,0,9114,3,21,0.35277772957542874
90,19,1,8986,68,16,0.7397680448608002
91,34,1,7296,30,13,0.9212719279868061
92,24,1,5775,29,42,0.9245781870157793
93,34,1,9282,3,48,0.5212887478541557
94,35,1,8280,83,39,0.8939757062435155
95,21,0,5866,69,22,0.36914309473727147
96,38,1,1986,78,8,0.7916888430260889
97,31,0,2193,38,29,0.9345108426387854
98,29,0,8669,92,40,0.6217175626648793
99,55,1,2653,81,9,0.21612613806849612
100,61,1,8320,70,8,0.6940236263679603
101,19,0,6739,77,29,0.038523351051919064
102,31,1,4053,23,16,0.5580960438837114
103,60,1,5781,61,36,0.34499745776277413
104,53,0,5387,75,11,0.6613515183737115
105,33,1,2475,18,48,0.8615510966835234
106,26,1,6857,19,5,0.04302406675748505
107,22,0,8281,9,28,0.35759175489378237
108,60,1,7686,63,49,0.04690156475183993
109,62,0,5727,70,36,0.7413417324805579
110,66,0,5211,87,18,0.37476265578406365
111,23,0,8441,77,39,0.5332218613278759
112,50,0,3886,87,30,0.41346920407834387
113,61,1,3238,24,46,0.8815669110074436
114,63,0,2796,53,3,0.16322574345017804
115,57,1,5985,95,31,0.0844761073924295
116,59,0,7822,48,17,0.9507062813595136
117,66,0,7744,70,45,0.9681390272033393
118,55,0,6028,19,13,0.09363633704163765
119,44,0,7935,55,26,0.2466549429557212
120,32,0,1251,6,34,0.14545220430094652
121,25,1,4968,44,46,0.8584800106195809
122,34,1,8375,42,44,0.566541661593349
123,67,1,2966,75,19,0.38095268008549166
124,63,1,3661,14,10,0.5036025274754294
125,44,0,4035,64,37,0.04614936063602271
126,26,0,1033,95,26,0.3202277145100966
127,69,1,2490,57,29,0.5012437907211605
128,63,1,3333,54,4,0.8970145442353453
129,46,1,8428,73,43,0.1004591581737665
130,46,0,3695,95,18,0.5510508755884397
131,38,0,1718,64,21,0.647468850726611
132,48,0,4391,9,3,0.9971277770982276
133,21,0,1775,1,47,0.05700841307013482
134,18,1,1356,68,8,0.716290919371916
135,67,1,2092,88,31,0.8468830379045139
136,54,1,4005,63,17,0.9099978441391255
137,35,1,5529,34,11,0.7060788510389766
138,69,1,7623,69,38,0.7259416407380955
139,23,0,2754,51,34,0.43998313766246766
140,53,1,7199,20,0,0.19183384779799928
141,35,0,3068,77,41,0.0031142977756839496
142,50,1,4910,93,31,0.910811263928455
143,69,1,3919,25,27,0.06416754240636224
144,33,0,7069,11,40,0.4409912639354202
145,26,0,1678,57,44,0.9986180390610067
146,37,0,9292,52,2,0.9843313039325097
147,62,1,2665,11,10,0.40463429403387885
148,61,1,2809,55,37,0.7381001097396762
149,65,1,7221,74,19,0.18628104591969985
150,44,0,8322,96,34,0.7301975884229053
151,30,0,6523,6,44,0.035895910763888206
152,31,0,5861,5,21,0.7773539959952945
153,52,1,3866,37,15,0.8595699586556204
154,53,1,3586,49,18,0.2821682432520176
155,39,0,4986,13,50,0.9304561739571257
156,63,1,9766,85,31,0.8419042318100319
157,18,1,5698,5,30,0.21825733081791832
158,31,1,1358,8,45,0.1806060809786314
159,58,0,3846,40,34,0.585515798628242
160,44,0,6701,70,9,0.7111499617045876
161,65,1,9913,88,46,0.9651546279405556
162,31,0,2224,41,6,0.8332223615800967
163,19,1,8304,59,22,0.012639456612848932
164,20,0,1479,49,32,0.7321075363809145
165,32,0,3627,86,50,0.6378814938857672
166,54,1,9042,99,42,0.8838181772786627
167,18,0,1190,97,9,0.10879803506354924
168,31,1,2668,16,11,0.14656087550733576
169,25,0,4338,64,44,0.22724672269811164
170,38,0,4848,71,22,0.7787318722845515
171,62,1,9744,86,3,0.6714458416233995
172,38,1,9619,88,19,0.07686675858687375
173,26,1,7302,37,38,0.15067160398451795
174,22,0,1840,10,14,0.32071091994730727
175,63,0,2491,59,7,0.477074927144971
176,34,0,7234,8,42,0.0657677161207858
177,22,1,2232,40,9,0.2300609261171942
178,44,0,8406,76,0,0.534608590122187
179,58,0,8952,25,44,0.3196360010596765
180,42,0,8656,86,46,0.7400132531383593
181,34,1,2522,72,21,0.10894856155355026
182,60,1,8890,7,47,0.660887939163653
183,65,0,3148,92,21,0.4643577848729392
184,24,0,6972,98,43,0.12621676249842262
185,18,0,8230,63,1,0.9299779856388096
186,49,1,9784,56,25,0.04273777292008585
187,41,1,1797,78,48,0.5857190706746358
188,21,1,1530,86,49,0.13548264197945015
189,33,1,3191,79,13,0.15299451783633633
190,21,0,6945,47,1,0.8214244186932974
191,33,1,3661,43,16,0.7980729028259544
192,30,1,4739,93,40,0.725765809808793
193,63,0,3819,66,36,0.3743622313292777
194,46,1,8151,58,13,0.272102655182787
195,62,1,8858,30,8,0.7556735093599839
196,52,1,1310,93,4,0.24884499278219918
197,46,0,2546,27,4,0.5006918180409107
198,36,0,5657,15,34,0.39355799753235365
199,22,0,4449,95,0,0.6199208109117317
200,23,1,9375,68,42,0.9845270341140029
201,55,1,5674,9,7,0.4811534278047732
202,21,1,2925,67,3,0.2982507909788745
203,65,0,6579,72,15,0.4899005370701719
204,23,0,4063,7,13,0.8894514477396999
205,48,1,5402,73,41,0.6519205776597771
206,61,0,8576,55,19,0.4463930296062162
207,57,1,7583,77,14,0.48708043786109756
208,29,1,8891,68,34,0.8641398227582852
209,70,0,7232,77,4,0.015753484832518927
210,23,1,5821,11,44,0.27955733935746474
211,34,0,2346,37,46,0.2589311213695127
212,61,0,2366,96,2,0.2973551519645454
213,24,0,8096,99,41,0.04159564385370951
214,50,0,2891,47,38,0.444661695670551
215,26,0,2534,91,10,0.5178369243674242
216,42,1,7326,18,13,0.7445039141180771
217,56,1,8061,99,15,0.5443956204276469
218,65,0,9367,18,39,0.5163631644504234
219,31,0,9287,100,47,0.7591287825465325
220,49,0,5117,60,44,0.9739751067983411
221,30,1,7628,21,11,0.17925062041145345
222,19,0,8810,47,21,0.578170106486666
223,33,0,8106,23,8,0.517387160122256
224,66,1,1275,45,26,0.28730593043884944
225,35,1,2497,23,42,0.669577910374346
226,52,0,1184,11,23,0.41618649673730645
227,67,0,3442,56,25,0.7230367450641613
228,43,1,8237,9,35,0.028258824043443043
229,67,1,4028,4,29,0.9930610184202562
230,63,1,5701,7,14,0.002562110159010089
231,35,0,5661,85,16,0.12065198605847371
232,56,1,9429,66,26,0.22054042849539024
233,32,0,9334,53,9,0.25774532745848777
234,44,0,6025,76,0,0.4190794689882247
235,21,1,4641,68,36,0.9661149511186051
236,64,0,3776,34,28,0.6469209316955462
237,47,1,8063,20,17,0.6643977524463931
238,57,1,3650,63,9,0.8782618252565785
239,54,0,4016,10,0,0.7550303791272277
240,50,1,8334,23,37,0.22933429173088637
241,22,1,8134,81,27,0.14081935088189446
242,19,1,2783,24,0,0.6111055560581667
243,60,1,6765,3,44,0.7393834214718087
244,32,1,8395,78,42,0.33728711703752756
245,40,0,1059,46,43,0.6056619700482735
246,54,1,3641,95,13,0.06822360750929257
247,46,1,6195,17,18,0.8543190782177814
248,68,1,7274,35,20,0.6881098315066487
249,62,0,4070,14,9,0.5192612071643763
250,57,0,1064,45,44,0.6794655530392523
251,32,1,5312,51,46,0.5039971987794001
252,29,1,6621,94,11,0.314580153647962
253,26,1,9041,38,41,0.947674681031911
254,19,1,1953,94,16,0.2453200478156683
255,64,1,9168,82,27,0.38939629295826106
256,39,0,1952,67,32,0.38434468617177464
257,31,1,7560,43,1,0.8022731942734049
258,21,0,8885,95,14,0.06857559030182259
259,22,1,5946,84,21,0.4156002148883583
260,35,1,1905,27,23,0.396919117730955
261,20,0,3735,98,25,0.46516192101636655
262,23,1,4525,85,1,0.2625018929731828
263,47,0,8700,88,27,0.7821543899606697
264,50,1,7978,62,33,0.6376369992440738
265,41,1,6763,78,27,0.5906418836854087
266,49,0,3738,3,39,0.020640378096069334
267,53,0,3304,33,11,0.8239563106443752
268,65,0,5951,9,48,0.04019233457727778
269,38,0,6967,12,17,0.49477119591410224
270,39,1,1047,64,3,0.027511050825965944
271,36,1,1093,20,23,0.5814812044212303
272,64,1,7980,87,49,0.2113000181647936
273,26,0,5312,60,24,0.3807602811083515
274,69,0,6180,20,49,0.8392340339935612
275,42,1,6228,81,15,0.2062506605040617
276,53,0,2802,91,50,0.3157544890816446
277,21,0,2562,89,19,0.24971026257803552
278,47,0,7481,35,28,0.09212645268271447
279,55,0,6744,61,16,0.934566060841623
280,36,0,1672,27,34,0.9577700458859343
281,27,0,5364,18,45,0.9793348211447507
282,60,0,5065,76,26,0.3947467877341282
283,59,1,6976,95,22,0.2136153688120439
284,34,1,6417,97,31,0.6033785589936715
285,59,1,7490,30,9,0.17072003602059838
286,48,0,1280,20,18,0.4453400929675827
287,24,0,2439,97,29,0.46163481498147874
288,30,0,3169,7,48,0.18722551649126162
289,34,0,4247,94,16,0.7897269268861793
290,26,1,2686,46,27,0.24410954587629408
291,50,0,1461,64,17,0.8878759117847804
292,68,1,8143,90,17,0.21728664277828869
293,24,1,9675,69,37,0.15531722700679496
294,44,1,8828,62,17,0.36750055215207766
295,23,0,6417,24,35,0.7011218920430435
296,26,0,1073,61,41,0.8460969983186319
297,63,1,9387,33,50,0.6761152460794669
298,33,0,2202,93,38,0.24735102358865924
299,58,0,2408,26,11,0.8740478163079598
300,61,1,6108,99,15,0.047337073267958774
301,39,1,3611,33,21,0.911221274882357
302,69,0,5184,59,27,0.22308057418363036
303,55,0,5984,45,3,0.403753439921137
304,35,0,9624,19,8,0.5698448707345163
305,30,0,8879,91,49,0.5857775210344927
306,62,0,3428,71,42,0.826342416047931
307,22,1,2694,53,0,0.5696618323675255
308,60,0,7240,86,27,0.8577473209644623
309,68,0,6825,56,10,0.991359628994262
310,44,1,8392,56,16,0.8214241824954132
311,20,0,1442,35,16,0.06206124790231027
312,18,0,9789,3,20,0.4117244089363784
313,26,0,6885,8,29,0.04150869135478019
314,34,1,6187,27,9,0.37130491199108406
315,61,0,9098,42,39,0.6753799446462514
316,51,1,6034,36,11,0.8495274438764213
317,27,1,4189,50,6,0.1780536947002851
318,40,1,2386,56,23,0.6832488231950272
319,50,1,4258,78,27,0.11712349073329842
320,28,0,3576,13,45,0.9086730547523099
321,40,0,6651,44,50,0.02246786260186273
322,62,0,9135,50,24,0.11686873919827223
323,40,1,5114,67,6,0.35185708474683075
324,53,0,1350,97,13,0.5506003778636706
325,63,0,3072,55,23,0.18626304123586412
326,59,1,9383,44,19,0.40665423727500793
327,64,0,8431,17,17,0.17886894395668573
328,28,0,2000,6,37,0.613787373922967
329,57,0,4161,79,4,0.17999313124788152
330,36,0,6820,11,34,0.6224523809239021
331,53,0,4516,95,37,0.5384995288622224
332,38,0,1935,92,30,0.033497243966830736
333,36,1,5783,93,12,0.04586643999020168
334,33,1,8219,28,20,0.0093647175767686
335,32,1,3837,2,20,0.662976860178348
336,20,1,9107,65,25,0.5560263887326874
337,59,1,3334,55,38,0.4698251425920066
338,65,0,5137,73,14,0.3456055037488869
339,52,1,8822,43,47,0.6996715030782297
340,58,1,1800,34,49,0.17651046157515926
341,59,0,7571,72,16,0.729069460990456
342,26,0,3062,60,48,0.5214164610999906
343,27,0,5950,44,29,0.9142064041795445
344,52,0,8988,89,35,0.8188180740395494
345,51,1,3332,88,11,0.14958500907066852
346,18,0,8883,72,35,0.257538556672138
347,67,1,1062,64,12,0.199096356733781
348,51,0,2758,22,8,0.3220377545651789
349,30,1,7621,94,31,0.25922225111122243
350,67,1,3741,1,14,0.521597419676858
351,33,1,6831,20,36,0.4688287761912546
352,68,0,2451,19,18,0.449756804062708
353,21,0,2175,6,7,0.5951255586186309
354,28,0,8919,75,5,0.0876144066907687
355,22,1,4242,77,23,0.2626314658218176
356,51,1,6600,23,9,0.9294897443405804
357,59,0,2827,26,43,0.5896444045754484
358,20,1,6861,48,15,0.16612792507326657
359,29,0,1685,1,38,0.9160073489939003
360,22,0,8044,34,32,0.8166151373099084
361,50,1,5216,82,26,0.47650915532270954
362,23,1,3311,7,31,0.9353731741841862
363,70,0,9034,22,9,0.8112142068166877
364,39,0,4559,52,43,0.1050374033222563
365,64,0,3608,46,0,0.6817214121965864
366,41,1,6757,47,4,0.6657656342905031
367,34,0,5672,92,15,0.353504215129925
368,53,1,3463,29,45,0.055441954588636766
369,20,1,2725,57,8,0.0935103433588611
370,58,0,1839,27,4,0.4157273085029306
371,49,0,9844,32,50,0.03888887552014009
372,29,1,3259,21,37,0.9237098235411219
373,36,0,2573,53,16,0.539570292858244
374,29,0,1783,51,17,0.236341813379073
375,64,1,1610,46,28,0.47190717886956723
376,62,0,4108,14,23,0.1419296004570354
377,18,1,2509,23,11,0.18826692160659586
378,30,0,3351,65,29,0.20294384584511738
379,61,0,1113,3,31,0.7967181105799399
380,69,1,1783,89,4,0.4451848649987734
381,58,0,9956,27,37,0.6581116694885947
382,58,0,6238,53,41,0.8679011787706915
383,53,0,8195,49,34,0.9458291954403665
384,53,0,1169,36,33,0.7108095906248014
385,61,0,7482,64,23,0.4749069296256526
386,60,0,1457,32,2,0.46322401637070576
387,49,0,8764,62,28,0.6401770997620176
388,31,0,2826,83,24,0.3804543022797605
389,69,0,1210,71,29,0.9841408501691521
390,39,1,6191,54,27,0.9429633939847362
391,48,0,7227,25,3,0.28811242801758674
392,69,1,5900,61,23,0.2619584177206681
393,59,0,4995,18,39,0.04163944468342107
394,30,1,1279,30,0,0.29927392430809086
395,68,1,4980,56,18,0.25384780646214355
396,34,1,3119,68,34,0.603541277862157
397,58,0,3854,32,16,0.25783574745073645
398,49,0,4739,66,5,0.4192470075402396
399,46,1,1040,93,17,0.8364624917527698
400,37,1,1005,57,29,0.5288070340781702
401,36,0,2981,12,18,0.147172899409169
402,29,0,3728,75,35,0.9223534565359512
403,53,0,7363,24,20,0.1850482294559619
404,68,1,9206,10,0,0.08503817121816337
405,30,1,5715,35,22,0.20175911334979113
406,25,1,1729,24,21,0.8831241979930934
407,20,1,4445,70,38,0.8743751063403422
408,33,0,1139,49,30,0.965811023641905
409,22,1,6870,26,3,0.724232025486858
410,68,1,8809,99,11,0.2615021280480829
411,41,1,2054,39,13,0.3892748342369079
412,19,0,7850,51,30,0.14081624608317656
413,43,0,5578,53,38,0.7270211707279941
414,64,1,7600,1,42,0.279378618285108
415,25,0,2585,46,23,0.11518634681573969
416,25,0,8775,53,26,0.6645806618916491
417,52,0,9725,35,15,0.31798769510833647
418,32,0,8586,50,7,0.44874811426629513
419,54,0,2398,97,34,0.4640003594561136
420,60,0,6267,48,24,0.44069668618957936
421,18,1,1382,71,3,0.5104115287981531
422,48,0,2788,5,37,0.26732890452174407
423,55,1,1614,65,38,0.5631071198136314
424,67,1,8063,38,9,0.32555599620309617
425,47,1,6131,66,31,0.6816303107254876
426,54,1,1914,78,30,0.18047128694290882
427,25,1,4592,29,7,0.024456240912816507
428,27,0,4269,88,20,0.346196391437546
429,67,1,5157,57,21,0.35917701863333473
430,49,1,7850,94,47,0.4481961227592428
431,66,0,8636,32,15,0.20464540189042235
432,61,0,2801,10,18,0.6329494512617089
433,46,1,2885,75,49,0.4766133125479146
434,57,1,3052,39,14,0.8607542389594456
435,56,0,8435,36,31,0.728340632961689
436,37,0,5254,48,40,0.6698759286871339
437,32,1,4208,91,35,0.8636313758229673
438,62,0,1655,64,12,0.44654017982073335
439,70,0,2017,69,16,0.8214961098873858
440,57,0,7721,12,43,0.841373799218746
441,28,0,6675,99,11,0.28957936538700846
442,36,0,6626,77,14,0.06260888217967098
443,34,1,5369,7,25,0.3135337072647766
444,25,1,3873,4,35,0.8659907582668567
445,45,0,2094,98,23,0.6634994394455765
446,64,1,9922,65,1,0.11191196650020163
447,57,1,1520,18,39,0.3068664606292192
448,34,0,7372,79,14,0.866392404727526
449,18,0,3654,64,29,0.4482160594521166
450,42,0,5433,70,16,0.32768218918385716
451,40,1,4972,26,36,0.12460401815791466
452,49,0,9186,32,9,0.38625812343469546
453,70,0,5012,91,2,0.9702400216338056
454,62,1,3016,55,35,0.7888638441039628
455,60,0,9438,70,41,0.5824377832035916
456,38,1,4095,41,4,0.08679374800824013
457,64,1,2768,35,28,0.7777998840003119
458,22,0,2521,16,28,0.7324321012059362
459,32,0,2106,31,39,0.7860456429545667
460,51,0,6037,50,18,0.03663393808696824
461,21,0,2855,55,32,0.7247270335449361
462,28,0,3042,19,15,0.7747444977954704
463,21,0,2621,68,1,0.7860777668383961
464,65,0,1807,6,15,0.5825655612527414
465,63,1,5383,97,5,0.8884559037917236
466,58,0,4958,17,10,0.13690674717297302
467,55,0,5251,32,35,0.34881942969101176
468,30,0,5357,43,2,0.3649795339326384
469,48,0,8552,76,34,0.2630993956220167
470,60,0,6204,89,46,0.09639790210678834
471,18,0,5715,39,19,0.2543829065022871
472,23,1,2898,63,27,0.2503980773014295
473,51,1,9263,47,35,0.2166565841180944
474,55,1,9893,30,11,0.6613304702180713
475,36,1,6641,70,42,0.9315280719445267
476,36,1,1044,2,39,0.42963849639000795
477,22,0,1188,37,32,0.6214457046314381
478,30,0,1040,83,3,0.1380162470189521
479,58,1,5570,22,27,0.21199762070218398
480,53,1,3701,1,11,0.2511200209091149
481,29,0,5188,72,7,0.8914793930868592
482,48,1,1606,87,0,0.18492239290626356
483,68,0,6874,65,42,0.12582445883535776
484,35,0,5014,19,34,0.6984322317815683
485,47,0,1925,94,12,0.2566296879451666
486,39,1,4441,34,25,0.6885663122934319
487,61,0,7732,93,29,0.09641759122252946
488,45,0,4164,89,12,0.17120591410346397
489,26,1,4721,33,21,0.9928664044447485
490,38,1,2288,44,29,0.12475865476147574
491,58,1,8561,71,36,0.4674179803227724
492,20,1,5601,91,25,0.791066983599858
493,65,0,2773,71,7,0.217786844474831
494,69,1,9377,10,9,0.7567234009484013
495,65,0,2360,98,20,0.09609957653805878
496,52,1,5261,72,22,0.7541394062030402
497,21,1,4551,87,6,0.5382761081116477
498,26,1,2058,92,12,0.4587844060304752
499,60,1,8751,39,42,0.7820372739065462
500,41,1,9730,50,42,0.15313503911302984
501,39,1,7631,7,25,0.7536698619791351
502,33,1,7655,80,30,0.7054655380748213
503,60,1,2709,36,48,0.35971500286544267
504,19,1,3706,51,49,0.9084690327181177
505,44,0,2057,93,29,0.02231303176801125
506,67,0,5084,79,49,0.7564529245020551
507,47,1,7811,33,6,0.5844787451931498
508,44,0,1085,78,36,0.6799387598838063
509,24,1,8698,31,7,0.644229433470209
510,35,0,7634,75,31,0.2186481213926813
511,57,0,9613,18,25,0.13976908816008582
512,45,1,2305,63,48,0.8923035561898607
513,65,1,9693,88,34,0.6232068621059416
514,42,1,4780,18,44,0.07076230997515409
515,59,1,4037,31,0,0.7841443554993139
516,24,0,1642,70,27,0.0020369425576525213
517,65,1,5173,98,47,0.6453427936938494
518,65,0,9202,83,5,0.7129683063253814
519,33,0,3714,58,49,0.4745033474056479
520,28,0,8852,80,7,0.6176734944656539
521,31,1,3163,67,32,0.8379729526339919
522,68,0,1446,14,25,0.8186457966716403
523,25,0,9423,32,42,0.8489641318528054
524,49,1,1305,75,5,0.6983381534333575
525,30,0,5290,43,21,0.2413200401106932
526,37,0,4099,7,3,0.21301839652122911
527,56,0,7727,63,19,0.5911675109376685
528,24,0,2259,14,33,0.7389672696414132
529,22,1,9041,21,21,0.6634524265865287
530,70,1,2381,45,6,0.38747319292563065
531,57,1,6369,14,33,0.5296861627702139
532,20,1,2880,27,39,0.9021737909715197
533,51,0,6812,59,7,0.8535167282395097
534,48,1,6025,27,32,0.4077865546222844
535,36,0,1331,45,25,0.6428814829770971
536,45,1,7098,44,35,0.23880379626338344
537,61,0,4943,3,41,0.12125108650149907
538,66,0,1195,23,2,0.15771092198401826
539,22,1,4748,13,42,0.6767290213878252
540,33,1,1925,42,33,0.949478300891051
541,39,1,8620,43,28,0.8808356549305051
542,57,0,5867,36,46,0.6286228505681516
543,24,1,2022,44,21,0.11499210907908508
544,53,0,4036,53,44,0.9493489800499029
545,50,0,9469,21,33,0.37378411484806706
546,60,0,1295,13,8,0.8723343996839734
547,21,0,4228,68,1,0.515850222384825
548,50,0,7284,56,49,0.6860627124189711
549,18,0,4988,45,47,0.7693997741490736
550,56,1,4083,67,33,0.5719246107829002
551,45,0,2510,12,24,0.5693118726475728
552,27,1,9151,32,0,0.13397994064277163
553,69,0,1768,54,49,0.29207251962054714
554,46,0,1579,72,8,0.4655552579228218
555,46,1,1800,1,21,0.4001742198927625
556,24,0,1952,86,40,0.2874098192176756
557,60,0,2158,3,46,0.49450551314792723
558,47,1,8607,50,11,0.04493196396422228
559,32,1,5782,43,13,0.5374274199375849
560,62,0,5224,54,26,0.17682283895193707
561,35,0,2872,38,17,0.8453770441743963
562,57,0,7002,78,10,0.012827938893314572
563,21,1,3053,4,0,0.42319389777383054
564,24,1,6008,44,43,0.3685167137261498
565,62,1,6466,52,35,0.5217588162243452
566,35,1,6895,80,48,0.760612823241166
567,54,1,6214,12,29,0.8667590591375487
568,42,1,9372,17,28,0.40015340784681175
569,34,0,2250,35,39,0.321269439814336
570,65,1,6304,89,45,0.45311190044179595
571,37,0,7676,30,8,0.7923539522953735
572,65,0,1779,93,41,0.501872395126206
573,40,0,6144,21,34,0.31802249508931735
574,52,1,6314,62,8,0.9053068112854772
575,20,1,8288,2,40,0.20205670229201023
576,41,1,8999,2,21,0.22871203670470208
577,70,0,2336,89,14,0.6227708208597427
578,70,1,3080,59,47,0.5872361048819519
579,67,1,8563,79,21,0.4511848227050681
580,18,0,3959,21,24,0.08641258919609529
581,49,1,1936,18,27,0.03007072856014925
582,55,0,8612,73,22,0.4164660808807251
583,41,0,6671,10,6,0.6400814811978559
584,65,1,3288,21,8,0.39938717315890127
585,18,1,7185,17,27,0.0879822945202624
586,44,0,7388,47,17,0.4549098514916736
587,59,0,8669,61,40,0.632132601596821
588,42,1,2524,42,14,0.2665804362892621
589,41,0,3048,12,49,0.21742353745869514
590,42,0,4652,79,8,0.8264944812302993
591,36,0,6759,53,30,0.20059337285052126
592,53,1,3646,65,43,0.24296317361574038
593,53,1,1873,79,40,0.6680522461132077
594,64,0,8020,48,41,0.20171596822504834
595,63,0,4227,65,9,0.6168696518171526
596,51,1,9406,30,18,0.7124506765743283
597,47,0,2925,40,18,0.5372016180912697
598,48,0,1496,18,31,0.7128597471737185
599,24,0,2059,89,33,0.8669855924080592
600,29,0,3754,78,42,0.0722598845141249
601,69,0,7558,70,24,0.2768157039204918
602,57,1,6561,8,42,0.6768350220284874
603,29,0,3541,10,7,0.6285052682260833
604,43,1,4048,33,10,0.6633441023783055
605,36,0,8773,7,3,0.26156340670554357
606,46,0,3463,63,38,0.4550528957747667
607,45,0,3386,86,14,0.04601755765255022
608,65,1,4542,88,30,0.6336486395333586
609,50,1,4348,28,41,0.2225306677790444
610,51,1,6619,80,26,0.7552832801780326
611,30,1,4825,78,24,0.6838566236463915
612,40,0,4137,99,2,0.6383093931425192
613,26,1,1536,92,45,0.6412154548134973
614,18,1,4262,12,21,0.4033725628631959
615,33,1,6103,28,8,0.7939388673761186
616,66,1,1130,84,37,0.012328389040901944
617,28,0,7305,43,11,0.19620245896354538
618,47,1,8147,100,12,0.17181337241160166
619,48,1,5521,74,15,0.02526586268110509
620,65,0,4070,84,41,0.5365653933365537
621,36,0,1435,83,0,0.8697747362822352
622,31,0,4119,72,43,0.24584136433575854
623,67,1,9649,90,36,0.24249401020534922
624,41,1,1018,13,41,0.39438640568325845
625,54,1,6819,65,35,0.04923159859235837
626,56,1,8754,97,26,0.9784473450511869
627,21,1,9568,41,23,0.35083889623928133
628,39,0,1772,98,22,0.4994267933664971
629,57,1,8459,64,10,0.7810187692020982
630,33,1,4856,38,0,0.6372259055336446
631,44,1,6972,99,46,0.08218585956585323
632,22,0,2512,94,35,0.030047194001823874
633,65,1,3402,30,30,0.5333261457471936
634,46,1,5367,9,48,0.9430362317702738
635,47,1,8392,97,33,0.9587324786681111
636,39,0,6766,15,1,0.1775898488143618
637,21,1,2506,65,22,0.31485314392092845
638,57,1,9692,50,16,0.5336613703476271
639,26,0,9267,80,29,0.511649647918269
640,19,1,6820,80,39,0.1493795400466672
641,53,1,1110,11,13,0.3705973135781673
642,48,1,7229,3,48,0.4370128522809573
643,63,1,7984,27,15,0.8414737340407462
644,42,0,3499,88,16,0.03399467207272877
645,30,0,1910,26,13,0.33397342694448395
646,66,1,5688,75,47,0.48367274813108374
647,26,1,6522,91,26,0.9410008999017245
648,57,0,2695,78,4,0.1625398894033827
649,48,0,6048,43,25,0.3670433237555458
650,34,1,8436,49,10,0.7649384204172522
651,53,0,8788,62,5,0.9683967011352533
652,60,1,8160,37,11,0.7838307244804344
653,55,0,2956,80,13,0.22671714005688526
654,25,1,2431,36,35,0.0376939725915576
655,58,1,6999,30,14,0.7751722706849564
656,44,0,8060,100,18,0.9372099700987084
657,27,1,3812,94,27,0.39536939778453273
658,29,0,5568,40,9,0.19023835812236312
659,46,0,1382,75,14,0.12759191299686634
660,35,1,6414,96,18,0.9677132428152505
661,34,1,6844,6,25,0.703664567336672
662,59,0,9043,84,30,0.2804354484635896
663,35,0,8589,30,16,0.09379899136177638
664,25,1,9746,15,50,0.4669575284149585
665,44,1,2336,55,42,0.002529838475227919
666,21,0,5644,100,13,0.9570050647499427
667,27,0,7881,75,44,0.22591323439754152
668,24,1,1748,55,43,0.9480013200214069
669,44,1,8436,52,5,0.6652894643022015
670,24,0,7443,28,49,0.8788879682208485
671,22,0,1685,18,43,0.8489318320069221
672,58,0,9414,82,10,0.9260555595917715
673,65,0,5884,30,22,0.9688998086583022
674,54,0,4883,15,32,0.35804953614735635
675,30,1,9464,98,26,0.19684246072460254
676,21,1,5836,40,27,0.9171962181187635
677,32,1,2459,9,41,0.49140586144695586
678,46,1,3653,76,34,0.6650893339215939
679,22,0,5226,42,1,0.6919395671573211
680,19,0,4622,25,34,0.04134085810584631
681,47,0,9036,85,47,0.9571105133544499
682,33,0,7033,31,39,0.11222924983787186
683,50,0,6020,59,11,0.2814505746739301
684,40,1,5293,14,27,0.9408923262740814
685,21,0,3309,92,41,0.5417392993024395
686,69,1,3411,62,31,0.29915899256596645
687,47,0,3925,100,24,0.5317365421523579
688,54,0,1785,95,38,0.19609301084153452
689,67,1,6472,34,16,0.5566461406699761
690,69,0,4764,97,18,0.8405160117873206
691,26,0,1283,57,36,0.6717504740351979
692,23,1,7500,73,40,0.7704791615933263
693,40,0,8786,90,17,0.4043871955427163
694,50,0,3546,87,15,0.21592126132938305
695,30,1,1752,91,3,0.8688485343472151
696,66,0,1598,17,36,0.016380254693964647
697,19,0,9042,91,36,0.9370667462538941
698,29,0,2646,7,45,0.8563506724596189
699,67,0,4385,9,4,0.487331738502532
700,38,1,8189,55,2,0.8943883989862281
701,53,0,6465,83,12,0.6819260977999254
702,29,0,8939,26,48,0.6730883379823527
703,27,0,5835,74,49,0.9682343639427512
704,43,0,6667,62,24,0.10569914265057123
705,45,0,6627,67,44,0.9192554773526865
706,59,0,9975,10,21,0.36524393573791714
707,20,1,7821,10,22,0.9755728589659028
708,18,0,5589,95,6,0.9008038336955888
709,68,0,6900,88,48,0.2498256651798214
710,66,1,9942,80,5,0.43372310130531244
711,46,1,1474,71,5,0.7683033798813196
712,19,1,7306,91,5,0.3444461157792372
713,33,1,1010,40,7,0.14049209446694166
714,42,1,4303,100,20,0.06606436567500273
715,20,0,8413,24,13,0.460937120727791
716,29,1,4844,30,38,0.014962620931614046
717,46,0,9199,25,18,0.36875154411696554
718,42,0,9120,20,31,0.9911577463132305
719,59,1,7833,5,35,0.07316147432724651
720,67,1,8741,68,12,0.3421122131369536
721,54,0,3193,33,42,0.2837196262547196
722,19,1,4667,84,0,0.9298112870845314
723,23,1,3649,99,17,0.7127683710664233
724,19,0,9076,58,7,0.5867545738508947
725,54,1,4939,82,39,0.5774080473727744
726,70,1,6412,21,29,0.663008650573084
727,61,1,5790,77,28,0.3351875424144751
728,31,1,2909,100,26,0.30485639382727325
729,46,1,9373,8,37,0.18171247126675816
730,67,1,1946,63,24,0.047838079357527596
731,24,0,6159,2,18,0.9653513658360918
732,38,1,6632,92,22,0.9287003034942419
733,49,1,6396,53,33,0.2962238474470674
734,65,0,5766,19,8,0.9921750031417189
735,66,1,8000,35,43,0.7922238353018896
736,54,1,8578,75,46,0.9486866001591346
737,21,0,7626,18,10,0.3514685921981141
738,29,0,9269,21,46,0.618912307869101
739,35,0,8025,18,39,0.4608601887916597
740,33,1,5014,68,14,0.423102544893458
741,36,0,5184,74,21,0.4151272842679504
742,30,1,7844,17,33,0.1469561335945404
743,58,1,4016,50,29,0.3077122699501186
744,41,0,8080,40,27,0.31375927768040457
745,44,1,3446,13,42,0.1184861246861334
746,23,1,7464,72,30,0.7319703503214554
747,68,0,6003,83,1,0.7647148436037914
748,63,1,4562,93,30,0.5041080984833942
749,27,0,2509,83,22,0.6125236290947923
750,54,0,4823,37,8,0.6580360959141306
751,53,0,9992,80,4,0.8236495120914006
752,57,1,5889,67,20,0.5586501390874
753,43,1,5759,62,15,0.93599808612248
754,22,0,2838,62,28,0.5632232464333418
755,58,0,8527,12,34,0.3601173602019948
756,67,0,2635,61,36,0.6286063381950031
757,28,0,2884,56,42,0.4891440539633841
758,26,1,7336,8,7,0.9437044930269332
759,52,0,6908,96,8,0.6608992242908658
760,44,1,3078,55,29,0.7690918779737957
761,58,1,9822,63,46,0.6259971544081342
762,64,1,6032,97,40,0.22000446475611446
763,34,1,5316,77,45,0.9542060336399781
764,45,0,1142,87,9,0.9108425353621139
765,44,0,6959,73,9,0.04794022435474765
766,28,0,3219,13,14,0.8278367978533505
767,21,1,7708,85,47,0.10826612155554993
768,53,0,8000,66,45,0.5187556418024925
769,60,0,9537,3,10,0.49333670247208194
770,42,1,2671,65,28,0.27670008596777584
771,31,0,8167,25,5,0.5214324692836299
772,55,1,4866,44,36,0.5784637924651513
773,22,0,1153,55,50,0.9618696331930321
774,57,1,6232,96,35,0.6885343024089862
775,25,0,1195,61,18,0.6941790721502215
776,56,1,2584,100,35,0.7340407608679687
777,25,1,1624,57,11,0.984354608253109
778,63,1,1978,12,44,0.9443455740512038
779,48,1,5426,17,40,0.4305079355211411
780,50,0,4636,9,44,0.6818940033274172
781,27,0,5263,3,20,0.6777356903875424
782,62,0,1996,32,33,0.4780781015040072
783,64,0,3406,47,16,0.1074983489397735
784,31,0,2934,67,17,0.6065423784130614
785,63,0,7701,32,25,0.017863290771324314
786,36,0,5980,43,15,0.8098690403068883
787,50,0,3245,45,40,0.27399117705017273
788,50,0,7449,62,27,0.8025126487664792
789,50,0,5140,87,35,0.540218213707382
790,54,0,6913,100,10,0.11259312439923497
791,39,0,4857,39,19,0.7795749464503303
792,61,0,7362,91,5,0.39904694640469374
793,67,1,8515,21,5,0.7636486323522778
794,43,1,2814,47,9,0.7052628723414427
795,70,0,8113,35,24,0.16770199947929232
796,52,1,8188,73,4,0.9154328420901885
797,31,0,7388,38,46,0.2813255326163847
798,33,1,6767,5,39,0.22173559997143177
799,24,1,7688,59,17,0.8082075030093281
800,44,1,2292,77,11,0.801941665369409
801,39,0,5414,49,38,0.3877106680092428
802,47,1,8739,93,43,0.5488915086758327
803,51,1,3990,93,35,0.4787811267497013
804,32,0,1907,3,4,0.16858399391311296
805,34,1,5918,73,5,0.2958768243691884
806,60,0,8106,79,8,0.10114692989446472
807,35,1,7028,52,5,0.624812569161967
808,53,1,7949,6,46,0.11902452267974917
809,68,0,2306,16,49,0.7221609912293199
810,51,1,2929,71,9,0.3022596075031113
811,54,1,2787,92,42,0.9773010958618692
812,57,1,2744,24,4,0.2856927888512564
813,29,1,5408,21,50,0.7753674723312314
814,62,0,7009,14,19,0.705014493544816
815,18,1,9757,78,21,0.6052786731408607
816,32,0,8992,86,2,0.24206236452703933
817,20,0,8708,77,32,0.6395549468922276
818,54,1,7705,89,37,0.272795829138879
819,53,1,2565,43,26,0.4830792284670098
820,50,1,5532,13,13,0.8463391648130448
821,26,0,1432,2,7,0.8687324759000825
822,59,0,1020,55,10,0.1090180949065227
823,25,1,5362,51,20,0.10712668812581583
824,20,1,3787,20,41,0.36360329089873467
825,41,0,9658,59,1,0.527624301944919
826,58,0,6901,39,21,0.7931802131743219
827,30,1,7257,71,39,0.24696836468151484
828,32,0,3262,1,13,0.30701819176197076
829,43,1,9043,54,22,0.3583839215037772
830,36,0,5693,26,23,0.7572010595035088
831,67,1,7629,91,13,0.9488022936595119
832,65,0,3053,89,14,0.5829112418294702
833,30,0,7181,74,28,0.826018357696808
834,65,0,7421,91,29,0.5465031588057484
835,50,1,1331,73,34,0.6231209927284486
836,28,1,3692,6,34,0.0477693216920676
837,56,1,7164,77,9,0.9221484128257448
838,56,0,1396,98,35,0.12400747431644665
839,52,1,2357,69,14,0.8576638054657211
840,61,0,9789,68,0,0.5994348285604447
841,47,0,2293,51,33,0.555501148794618
842,23,1,6577,24,47,0.10201145523828148
843,50,1,9697,8,3,0.9782197766734053
844,37,1,7020,67,21,0.705749333461925
845,28,1,8648,1,50,0.351032766379888
846,51,1,2440,9,15,0.2757508263409132
847,23,1,8883,59,16,0.2385842847876991
848,54,0,5924,63,15,0.2710684322097465
849,68,1,1995,23,4,0.05905511433332511
850,58,1,8556,13,36,0.4972904738689631
851,29,0,2537,41,47,0.43776257051437395
852,34,0,1613,36,2,0.1555399536173634
853,21,0,6330,36,48,0.6929493719766963
854,30,0,7050,83,50,0.8916542434511706
855,28,1,8248,40,49,0.23052506403412776
856,46,0,3438,81,5,0.42210121021488034
857,55,0,1404,91,6,0.24225433645673167
858,40,0,7200,35,4,0.19188277651139873
859,42,1,2693,32,39,0.4710163547242925
860,41,0,5389,98,38,0.3194670657090324
861,52,1,6875,31,24,0.23490193971590367
862,40,1,1305,37,19,0.7701773138939566
863,69,1,6956,32,45,0.6036767416244785
864,21,1,9268,54,27,0.6939259885909252
865,62,0,7989,91,7,0.702260541730414
866,51,0,7305,65,25,0.7500033304603864
867,69,0,1263,91,49,0.8410766226561927
868,44,1,8247,91,10,0.9001034893745657
869,34,0,4543,57,22,0.37977695010302404
870,43,0,5974,95,1,0.8271740798705239
871,65,1,8155,38,26,0.8792539618238842
872,34,1,8419,51,2,0.5484846141252293
873,22,1,1275,100,22,0.9830751355438156
874,47,0,2683,84,29,0.23533870029958281
875,58,1,8531,77,17,0.7224860496422775
876,40,0,5193,88,38,0.34622181972058386
877,54,1,2871,65,5,0.5294393570321226
878,34,0,6447,6,2,0.9146363956218808
879,40,0,6996,52,43,0.552562211826348
880,59,1,5214,32,12,0.9465748856759719
881,50,1,2666,37,42,0.05286960859265
882,26,1,7603,98,23,0.2706449928877033
883,47,0,9727,9,45,0.9130819618723026
884,26,0,2984,84,8,0.05006898625930567
885,62,1,1895,10,17,0.3625321857668802
886,58,1,3826,10,10,0.5176382097876963
887,52,1,4369,49,40,0.46654718711569443
888,29,0,8284,51,1,0.5626235461222852
889,24,0,1474,20,30,0.20381902693863885
890,33,1,2311,15,8,0.9800018673892411
891,45,0,6778,53,13,0.8738438070797265
892,62,1,1879,77,39,0.7645212003451778
893,35,0,7609,24,38,0.6675288930570205
894,24,1,5191,67,11,0.2294864358951062
895,32,1,9616,17,12,0.8056123523991632
896,20,1,5870,50,24,0.89047739731212
897,34,0,9239,99,25,0.3910510675183675
898,69,1,4750,83,42,0.6843246164985746
899,54,1,3112,72,32,0.9289990572456222
900,39,0,1753,41,7,0.7406553861915307
901,38,1,5373,64,38,0.9589450951774545
902,40,0,7599,37,2,0.19365941044152268
903,38,1,9777,66,40,0.9260914294100646
904,38,1,5801,55,36,0.17081658898840635
905,28,1,2871,81,3,0.27637701773973833
906,65,0,3578,50,15,0.7577734691741229
907,63,0,9540,65,26,0.18537636784844935
908,58,0,4922,57,6,0.8371833924274856
909,22,0,8125,60,49,0.6871695818200374
910,43,1,7729,8,30,0.8432806203403724
911,61,1,2781,4,27,0.9478651152631818
912,60,1,9077,14,44,0.20386391651237634
913,24,1,4962,60,3,0.4220559297606611
914,53,0,5674,22,8,0.23559507767288423
915,40,1,1922,95,11,0.023009909477285206
916,29,1,7579,66,0,0.12038126356535472
917,20,1,2337,96,31,0.557451597530665
918,47,1,6926,67,5,0.8681788781799877
919,26,0,5001,55,49,0.9336033930051867
920,50,0,5080,82,30,0.672041361262368
921,31,1,2338,97,21,0.5346968933653715
922,21,0,8480,47,38,0.46509306792548044
923,34,0,1184,70,39,0.5823255590523935
924,46,1,9424,17,6,0.6969604141151455
925,52,1,9706,44,41,0.44037772790942964
926,57,0,1875,43,38,0.9974843398456331
927,60,1,2986,21,8,0.6501880414572548
928,49,0,1523,36,6,0.33603988133847895
929,54,0,8749,70,28,0.16408056595160758
930,53,1,8403,66,4,0.18701222884209423
931,50,1,7067,19,30,0.451612228812726
932,19,0,7901,24,40,0.25384284195790996
933,52,0,9068,32,3,0.666510148418193
934,46,1,4599,75,27,0.17811641269702683
935,67,0,8070,20,3,0.18396564470720256
936,48,1,8250,59,48,0.2702065018226758
937,31,0,8972,53,38,0.4723104397324701
938,54,1,8600,26,19,0.5125876165018854
939,48,0,7076,95,46,0.49530648518146714
940,63,1,8126,18,44,0.694397056598585
941,45,0,6192,87,48,0.7073812088506084
942,39,1,1650,2,42,0.6986836489915956
943,68,1,2514,81,32,0.7479021977106906
944,55,1,8201,36,38,0.1617825461103023
945,51,0,1899,32,42,0.9526613392390847
946,26,1,3203,59,30,0.5822956711600382
947,42,0,4256,53,32,0.4558596204950506
948,29,0,2520,39,16,0.6859946632182163
949,68,0,8174,20,37,0.04687496654918555
950,56,0,6515,64,16,0.7804103190931372
951,25,0,1741,3,2,0.6822747986014515
952,58,0,2768,18,4,0.6470682439629255
953,64,1,9378,24,50,0.26374531060404516
954,24,1,4223,11,50,0.4956023263123992
955,51,0,7478,96,25,0.27031790115929144
956,56,1,6635,72,21,0.9685207236474008
957,24,0,3404,14,33,0.5192805333796283
958,22,1,1699,3,16,0.09576879673609218
959,20,0,4356,26,32,0.3535053373684909
960,68,1,9247,18,21,0.9821272357600602
961,40,0,8516,24,17,0.41988971261795327
962,62,0,3838,22,26,0.35739733956938236
963,44,0,9463,11,0,0.8499161325048896
964,55,0,5047,88,8,0.9485121464074273
965,21,1,7282,55,32,0.013756383353792478
966,58,1,3599,51,2,0.74056415181628
967,38,0,3805,21,24,0.8398790894334943
968,25,1,6767,5,47,0.40706689857470557
969,22,1,2932,96,26,0.4342910158102614
970,67,1,3911,70,33,0.3433655659295263
971,54,1,4504,40,22,0.06437702657154587
972,51,0,4066,87,13,0.4400422597268997
973,22,1,6342,81,15,0.8422757955314921
974,59,0,1231,70,2,0.39349208773663547
975,29,0,8166,4,20,0.0188645659418456
976,50,0,3095,7,14,0.543972711975948
977,19,1,3282,34,24,0.9143592319585976
978,70,0,1598,7,20,0.9331605159517896
979,38,0,4813,75,23,0.37043492653972754
980,67,1,3969,30,42,0.006851300912136482
981,65,0,8191,38,14,0.48695164706330585
982,63,1,7931,28,13,0.8304528335684149
983,22,0,6319,44,1,0.6743046257248654
984,46,1,9198,72,6,0.3842528438323535
985,45,0,2285,50,37,0.18244248073075853
986,27,0,3024,71,28,0.8937538768200157
987,67,1,5031,55,5,0.21555691255332954
988,50,0,5200,24,44,0.09163597142889224
989,67,0,6905,85,5,0.35257351582915664
990,44,0,9769,28,1,0.5703253805787278
991,48,1,8276,75,38,0.9465936946214653
992,35,0,1786,49,8,0.24370309602908946
993,49,1,8450,10,35,0.3586070339317091
994,43,0,3931,27,25,0.7225273716110199
995,57,1,8934,73,36,0.9433050102845278
996,60,0,3632,87,32,0.22914633755265712
997,59,1,7466,56,9,0.005033648469110807
998,26,1,9586,87,28,0.5026385442359782
999,49,0,1437,80,40,0.7531198216099028
1000,19,0,8183,40,38,0.04677087588449835
