year,gender,age_type,adm_nm,population,population_diff
2015,남성,31,강원특별자치도,88000,
2016,남성,31,강원특별자치도,83516,-4484.0
2017,남성,31,강원특별자치도,80176,-3340.0
2018,남성,31,강원특별자치도,76844,-3332.0
2019,남성,31,강원특별자치도,73192,-3652.0
2020,남성,31,강원특별자치도,69521,-3671.0
2021,남성,31,강원특별자치도,67825,-1696.0
2022,남성,31,강원특별자치도,67092,-733.0
2015,남성,32,강원특별자치도,92235,
2016,남성,32,강원특별자치도,93620,1385.0
2017,남성,32,강원특별자치도,90159,-3461.0
2018,남성,32,강원특별자치도,90117,-42.0
2019,남성,32,강원특별자치도,90127,10.0
2020,남성,32,강원특별자치도,89714,-413.0
2021,남성,32,강원특별자치도,89592,-122.0
2022,남성,32,강원특별자치도,86802,-2790.0
2015,남성,33,강원특별자치도,88639,
2016,남성,33,강원특별자치도,90094,1455.0
2017,남성,33,강원특별자치도,89287,-807.0
2018,남성,33,강원특별자치도,87244,-2043.0
2019,남성,33,강원특별자치도,85126,-2118.0
2020,남성,33,강원특별자치도,83398,-1728.0
2021,남성,33,강원특별자치도,81729,-1669.0
2022,남성,33,강원특별자치도,81040,-689.0
2015,남성,34,강원특별자치도,122752,
2016,남성,34,강원특별자치도,120566,-2186.0
2017,남성,34,강원특별자치도,118739,-1827.0
2018,남성,34,강원특별자치도,114873,-3866.0
2019,남성,34,강원특별자치도,111424,-3449.0
2020,남성,34,강원특별자치도,109532,-1892.0
2021,남성,34,강원특별자치도,106984,-2548.0
2022,남성,34,강원특별자치도,105447,-1537.0
2015,남성,35,강원특별자치도,129841,
2016,남성,35,강원특별자치도,131376,1535.0
2017,남성,35,강원특별자치도,130991,-385.0
2018,남성,35,강원특별자치도,131366,375.0
2019,남성,35,강원특별자치도,131641,275.0
2020,남성,35,강원특별자치도,131388,-253.0
2021,남성,35,강원특별자치도,130169,-1219.0
2022,남성,35,강원특별자치도,129527,-642.0
2015,남성,36,강원특별자치도,79760,
2016,남성,36,강원특별자치도,85471,5711.0
2017,남성,36,강원특별자치도,91526,6055.0
2018,남성,36,강원특별자치도,97997,6471.0
2019,남성,36,강원특별자치도,104837,6840.0
2020,남성,36,강원특별자치도,114291,9454.0
2021,남성,36,강원특별자치도,124355,10064.0
2022,남성,36,강원특별자치도,128557,4202.0
2015,남성,40,강원특별자치도,72359,
2016,남성,40,강원특별자치도,74501,2142.0
2017,남성,40,강원특별자치도,77978,3477.0
2018,남성,40,강원특별자치도,80918,2940.0
2019,남성,40,강원특별자치도,83673,2755.0
2020,남성,40,강원특별자치도,85883,2210.0
2021,남성,40,강원특별자치도,87540,1657.0
2022,남성,40,강원특별자치도,92853,5313.0
2015,여성,31,강원특별자치도,79959,
2016,여성,31,강원특별자치도,76198,-3761.0
2017,여성,31,강원특별자치도,73167,-3031.0
2018,여성,31,강원특별자치도,70475,-2692.0
2019,여성,31,강원특별자치도,67525,-2950.0
2020,여성,31,강원특별자치도,64531,-2994.0
2021,여성,31,강원특별자치도,62825,-1706.0
2022,여성,31,강원특별자치도,62313,-512.0
2015,여성,32,강원특별자치도,76659,
2016,여성,32,강원특별자치도,78651,1992.0
2017,여성,32,강원특별자치도,78692,41.0
2018,여성,32,강원특별자치도,77936,-756.0
2019,여성,32,강원특별자치도,77445,-491.0
2020,여성,32,강원특별자치도,76948,-497.0
2021,여성,32,강원특별자치도,75397,-1551.0
2022,여성,32,강원특별자치도,74141,-1256.0
2015,여성,33,강원특별자치도,87366,
2016,여성,33,강원특별자치도,85393,-1973.0
2017,여성,33,강원특별자치도,82873,-2520.0
2018,여성,33,강원특별자치도,80489,-2384.0
2019,여성,33,강원특별자치도,78100,-2389.0
2020,여성,33,강원특별자치도,75609,-2491.0
2021,여성,33,강원특별자치도,73947,-1662.0
2022,여성,33,강원특별자치도,72629,-1318.0
2015,여성,34,강원특별자치도,114551,
2016,여성,34,강원특별자치도,112985,-1566.0
2017,여성,34,강원특별자치도,111266,-1719.0
2018,여성,34,강원특별자치도,108054,-3212.0
2019,여성,34,강원특별자치도,105500,-2554.0
2020,여성,34,강원특별자치도,104790,-710.0
2021,여성,34,강원특별자치도,102770,-2020.0
2022,여성,34,강원특별자치도,102184,-586.0
2015,여성,35,강원특별자치도,126844,
2016,여성,35,강원특별자치도,127638,794.0
2017,여성,35,강원특별자치도,127543,-95.0
2018,여성,35,강원특별자치도,127587,44.0
2019,여성,35,강원특별자치도,127355,-232.0
2020,여성,35,강원특별자치도,125623,-1732.0
2021,여성,35,강원특별자치도,123930,-1693.0
2022,여성,35,강원특별자치도,123060,-870.0
2015,여성,36,강원특별자치도,83898,
2016,여성,36,강원특별자치도,88995,5097.0
2017,여성,36,강원특별자치도,94169,5174.0
2018,여성,36,강원특별자치도,99864,5695.0
2019,여성,36,강원특별자치도,106592,6728.0
2020,여성,36,강원특별자치도,116058,9466.0
2021,여성,36,강원특별자치도,125789,9731.0
2022,여성,36,강원특별자치도,129439,3650.0
2015,여성,40,강원특별자치도,111450,
2016,여성,40,강원특별자치도,113766,2316.0
2017,여성,40,강원특별자치도,117720,3954.0
2018,여성,40,강원특별자치도,120968,3248.0
2019,여성,40,강원특별자치도,123608,2640.0
2020,여성,40,강원특별자치도,126372,2764.0
2021,여성,40,강원특별자치도,128341,1969.0
2022,여성,40,강원특별자치도,133639,5298.0
2015,남성,31,경기도,728682,
2016,남성,31,경기도,704132,-24550.0
2017,남성,31,경기도,686493,-17639.0
2018,남성,31,경기도,672304,-14189.0
2019,남성,31,경기도,655170,-17134.0
2020,남성,31,경기도,648168,-7002.0
2021,남성,31,경기도,643359,-4809.0
2022,남성,31,경기도,640750,-2609.0
2015,남성,32,경기도,695580,
2016,남성,32,경기도,716890,21310.0
2017,남성,32,경기도,739635,22745.0
2018,남성,32,경기도,762219,22584.0
2019,남성,32,경기도,781907,19688.0
2020,남성,32,경기도,812366,30459.0
2021,남성,32,경기도,824378,12012.0
2022,남성,32,경기도,791068,-33310.0
2015,남성,33,경기도,951289,
2016,남성,33,경기도,950291,-998.0
2017,남성,33,경기도,949082,-1209.0
2018,남성,33,경기도,954375,5293.0
2019,남성,33,경기도,950699,-3676.0
2020,남성,33,경기도,941140,-9559.0
2021,남성,33,경기도,942757,1617.0
2022,남성,33,경기도,939687,-3070.0
2015,남성,34,경기도,1108101,
2016,남성,34,경기도,1106523,-1578.0
2017,남성,34,경기도,1112602,6079.0
2018,남성,34,경기도,1107282,-5320.0
2019,남성,34,경기도,1105101,-2181.0
2020,남성,34,경기도,1111541,6440.0
2021,남성,34,경기도,1114407,2866.0
2022,남성,34,경기도,1113836,-571.0
2015,남성,35,경기도,955592,
2016,남성,35,경기도,985350,29758.0
2017,남성,35,경기도,1008683,23333.0
2018,남성,35,경기도,1036854,28171.0
2019,남성,35,경기도,1062751,25897.0
2020,남성,35,경기도,1078050,15299.0
2021,남성,35,경기도,1096688,18638.0
2022,남성,35,경기도,1110613,13925.0
2015,남성,36,경기도,480677,
2016,남성,36,경기도,522472,41795.0
2017,남성,36,경기도,562311,39839.0
2018,남성,36,경기도,609792,47481.0
2019,남성,36,경기도,661015,51223.0
2020,남성,36,경기도,725239,64224.0
2021,남성,36,경기도,795983,70744.0
2022,남성,36,경기도,836039,40056.0
2015,남성,40,경기도,344321,
2016,남성,40,경기도,365470,21149.0
2017,남성,40,경기도,392288,26818.0
2018,남성,40,경기도,420105,27817.0
2019,남성,40,경기도,447808,27703.0
2020,남성,40,경기도,474348,26540.0
2021,남성,40,경기도,494371,20023.0
2022,남성,40,경기도,526347,31976.0
2015,여성,31,경기도,689911,
2016,여성,31,경기도,670131,-19780.0
2017,여성,31,경기도,654726,-15405.0
2018,여성,31,경기도,642613,-12113.0
2019,여성,31,경기도,628947,-13666.0
2020,여성,31,경기도,624129,-4818.0
2021,여성,31,경기도,617875,-6254.0
2022,여성,31,경기도,618820,945.0
2015,여성,32,경기도,731687,
2016,여성,32,경기도,746069,14382.0
2017,여성,32,경기도,761433,15364.0
2018,여성,32,경기도,773963,12530.0
2019,여성,32,경기도,780185,6222.0
2020,여성,32,경기도,810535,30350.0
2021,여성,32,경기도,805059,-5476.0
2022,여성,32,경기도,774345,-30714.0
2015,여성,33,경기도,931878,
2016,여성,33,경기도,923592,-8286.0
2017,여성,33,경기도,912325,-11267.0
2018,여성,33,경기도,911642,-683.0
2019,여성,33,경기도,899037,-12605.0
2020,여성,33,경기도,885509,-13528.0
2021,여성,33,경기도,878237,-7272.0
2022,여성,33,경기도,866532,-11705.0
2015,여성,34,경기도,1089659,
2016,여성,34,경기도,1092805,3146.0
2017,여성,34,경기도,1092764,-41.0
2018,여성,34,경기도,1082037,-10727.0
2019,여성,34,경기도,1077528,-4509.0
2020,여성,34,경기도,1084045,6517.0
2021,여성,34,경기도,1081700,-2345.0
2022,여성,34,경기도,1079192,-2508.0
2015,여성,35,경기도,917823,
2016,여성,35,경기도,949231,31408.0
2017,여성,35,경기도,978726,29495.0
2018,여성,35,경기도,1016875,38149.0
2019,여성,35,경기도,1048964,32089.0
2020,여성,35,경기도,1067154,18190.0
2021,여성,35,경기도,1085841,18687.0
2022,여성,35,경기도,1101369,15528.0
2015,여성,36,경기도,503349,
2016,여성,36,경기도,544233,40884.0
2017,여성,36,경기도,580750,36517.0
2018,여성,36,경기도,625496,44746.0
2019,여성,36,경기도,675396,49900.0
2020,여성,36,경기도,739805,64409.0
2021,여성,36,경기도,812234,72429.0
2022,여성,36,경기도,851509,39275.0
2015,여성,40,경기도,520124,
2016,여성,40,경기도,545154,25030.0
2017,여성,40,경기도,574889,29735.0
2018,여성,40,경기도,606792,31903.0
2019,여성,40,경기도,638816,32024.0
2020,여성,40,경기도,670879,32063.0
2021,여성,40,경기도,694984,24105.0
2022,여성,40,경기도,728339,33355.0
2015,남성,31,경상남도,193189,
2016,남성,31,경상남도,182980,-10209.0
2017,남성,31,경상남도,176227,-6753.0
2018,남성,31,경상남도,170788,-5439.0
2019,남성,31,경상남도,164381,-6407.0
2020,남성,31,경상남도,160353,-4028.0
2021,남성,31,경상남도,158869,-1484.0
2022,남성,31,경상남도,156573,-2296.0
2015,남성,32,경상남도,172842,
2016,남성,32,경상남도,175256,2414.0
2017,남성,32,경상남도,174850,-406.0
2018,남성,32,경상남도,177486,2636.0
2019,남성,32,경상남도,178303,817.0
2020,남성,32,경상남도,179645,1342.0
2021,남성,32,경상남도,179356,-289.0
2022,남성,32,경상남도,166039,-13317.0
2015,남성,33,경상남도,238688,
2016,남성,33,경상남도,235608,-3080.0
2017,남성,33,경상남도,231415,-4193.0
2018,남성,33,경상남도,224432,-6983.0
2019,남성,33,경상남도,215910,-8522.0
2020,남성,33,경상남도,203685,-12225.0
2021,남성,33,경상남도,193908,-9777.0
2022,남성,33,경상남도,185786,-8122.0
2015,남성,34,경상남도,285187,
2016,남성,34,경상남도,280642,-4545.0
2017,남성,34,경상남도,278492,-2150.0
2018,남성,34,경상남도,272665,-5827.0
2019,남성,34,경상남도,268247,-4418.0
2020,남성,34,경상남도,265714,-2533.0
2021,남성,34,경상남도,261123,-4591.0
2022,남성,34,경상남도,257704,-3419.0
2015,남성,35,경상남도,269570,
2016,남성,35,경상남도,274480,4910.0
2017,남성,35,경상남도,277821,3341.0
2018,남성,35,경상남도,281708,3887.0
2019,남성,35,경상남도,285095,3387.0
2020,남성,35,경상남도,285409,314.0
2021,남성,35,경상남도,283933,-1476.0
2022,남성,35,경상남도,283262,-671.0
2015,남성,36,경상남도,157931,
2016,남성,36,경상남도,170203,12272.0
2017,남성,36,경상남도,181951,11748.0
2018,남성,36,경상남도,192695,10744.0
2019,남성,36,경상남도,204287,11592.0
2020,남성,36,경상남도,220013,15726.0
2021,남성,36,경상남도,235936,15923.0
2022,남성,36,경상남도,246035,10099.0
2015,남성,40,경상남도,113410,
2016,남성,40,경상남도,116752,3342.0
2017,남성,40,경상남도,123718,6966.0
2018,남성,40,경상남도,131281,7563.0
2019,남성,40,경상남도,139096,7815.0
2020,남성,40,경상남도,146665,7569.0
2021,남성,40,경상남도,153247,6582.0
2022,남성,40,경상남도,162898,9651.0
2015,여성,31,경상남도,173933,
2016,여성,31,경상남도,166133,-7800.0
2017,여성,31,경상남도,160625,-5508.0
2018,여성,31,경상남도,156244,-4381.0
2019,여성,31,경상남도,150783,-5461.0
2020,여성,31,경상남도,147767,-3016.0
2021,여성,31,경상남도,146413,-1354.0
2022,여성,31,경상남도,146258,-155.0
2015,여성,32,경상남도,160436,
2016,여성,32,경상남도,160562,126.0
2017,여성,32,경상남도,159462,-1100.0
2018,여성,32,경상남도,159293,-169.0
2019,여성,32,경상남도,155746,-3547.0
2020,여성,32,경상남도,155768,22.0
2021,여성,32,경상남도,148364,-7404.0
2022,여성,32,경상남도,139632,-8732.0
2015,여성,33,경상남도,222470,
2016,여성,33,경상남도,217121,-5349.0
2017,여성,33,경상남도,212349,-4772.0
2018,여성,33,경상남도,206514,-5835.0
2019,여성,33,경상남도,198030,-8484.0
2020,여성,33,경상남도,186404,-11626.0
2021,여성,33,경상남도,176783,-9621.0
2022,여성,33,경상남도,167673,-9110.0
2015,여성,34,경상남도,272981,
2016,여성,34,경상남도,269523,-3458.0
2017,여성,34,경상남도,266029,-3494.0
2018,여성,34,경상남도,259553,-6476.0
2019,여성,34,경상남도,254781,-4772.0
2020,여성,34,경상남도,252733,-2048.0
2021,여성,34,경상남도,248363,-4370.0
2022,여성,34,경상남도,246059,-2304.0
2015,여성,35,경상남도,260903,
2016,여성,35,경상남도,264579,3676.0
2017,여성,35,경상남도,269471,4892.0
2018,여성,35,경상남도,275131,5660.0
2019,여성,35,경상남도,278455,3324.0
2020,여성,35,경상남도,277716,-739.0
2021,여성,35,경상남도,275721,-1995.0
2022,여성,35,경상남도,274447,-1274.0
2015,여성,36,경상남도,165203,
2016,여성,36,경상남도,177320,12117.0
2017,여성,36,경상남도,187815,10495.0
2018,여성,36,경상남도,197625,9810.0
2019,여성,36,경상남도,208599,10974.0
2020,여성,36,경상남도,224825,16226.0
2021,여성,36,경상남도,241037,16212.0
2022,여성,36,경상남도,250035,8998.0
2015,여성,40,경상남도,200470,
2016,여성,40,경상남도,202325,1855.0
2017,여성,40,경상남도,209621,7296.0
2018,여성,40,경상남도,216414,6793.0
2019,여성,40,경상남도,223448,7034.0
2020,여성,40,경상남도,230648,7200.0
2021,여성,40,경상남도,237037,6389.0
2022,여성,40,경상남도,245350,8313.0
2015,남성,31,경상북도,145126,
2016,남성,31,경상북도,137830,-7296.0
2017,남성,31,경상북도,131665,-6165.0
2018,남성,31,경상북도,126829,-4836.0
2019,남성,31,경상북도,121733,-5096.0
2020,남성,31,경상북도,116788,-4945.0
2021,남성,31,경상북도,115178,-1610.0
2022,남성,31,경상북도,113342,-1836.0
2015,남성,32,경상북도,144164,
2016,남성,32,경상북도,146229,2065.0
2017,남성,32,경상북도,145740,-489.0
2018,남성,32,경상북도,145816,76.0
2019,남성,32,경상북도,144732,-1084.0
2020,남성,32,경상북도,145619,887.0
2021,남성,32,경상북도,144642,-977.0
2022,남성,32,경상북도,137104,-7538.0
2015,남성,33,경상북도,173136,
2016,남성,33,경상북도,170385,-2751.0
2017,남성,33,경상북도,166885,-3500.0
2018,남성,33,경상북도,162297,-4588.0
2019,남성,33,경상북도,157044,-5253.0
2020,남성,33,경상북도,149382,-7662.0
2021,남성,33,경상북도,144361,-5021.0
2022,남성,33,경상북도,139433,-4928.0
2015,남성,34,경상북도,210131,
2016,남성,34,경상북도,206146,-3985.0
2017,남성,34,경상북도,203212,-2934.0
2018,남성,34,경상북도,196843,-6369.0
2019,남성,34,경상북도,192569,-4274.0
2020,남성,34,경상북도,189273,-3296.0
2021,남성,34,경상북도,185871,-3402.0
2022,남성,34,경상북도,183054,-2817.0
2015,남성,35,경상북도,219693,
2016,남성,35,경상북도,222115,2422.0
2017,남성,35,경상북도,222184,69.0
2018,남성,35,경상북도,224885,2701.0
2019,남성,35,경상북도,225977,1092.0
2020,남성,35,경상북도,224560,-1417.0
2021,남성,35,경상북도,222314,-2246.0
2022,남성,35,경상북도,220680,-1634.0
2015,남성,36,경상북도,144539,
2016,남성,36,경상북도,155737,11198.0
2017,남성,36,경상북도,164094,8357.0
2018,남성,36,경상북도,171011,6917.0
2019,남성,36,경상북도,178846,7835.0
2020,남성,36,경상북도,190902,12056.0
2021,남성,36,경상북도,204023,13121.0
2022,남성,36,경상북도,211324,7301.0
2015,남성,40,경상북도,122931,
2016,남성,40,경상북도,124255,1324.0
2017,남성,40,경상북도,129969,5714.0
2018,남성,40,경상북도,136016,6047.0
2019,남성,40,경상북도,143159,7143.0
2020,남성,40,경상북도,148881,5722.0
2021,남성,40,경상북도,154104,5223.0
2022,남성,40,경상북도,161465,7361.0
2015,여성,31,경상북도,129840,
2016,여성,31,경상북도,123622,-6218.0
2017,여성,31,경상북도,118595,-5027.0
2018,여성,31,경상북도,114260,-4335.0
2019,여성,31,경상북도,110279,-3981.0
2020,여성,31,경상북도,105271,-5008.0
2021,여성,31,경상북도,103565,-1706.0
2022,여성,31,경상북도,102870,-695.0
2015,여성,32,경상북도,131661,
2016,여성,32,경상북도,130811,-850.0
2017,여성,32,경상북도,128361,-2450.0
2018,여성,32,경상북도,125949,-2412.0
2019,여성,32,경상북도,122718,-3231.0
2020,여성,32,경상북도,119900,-2818.0
2021,여성,32,경상북도,117731,-2169.0
2022,여성,32,경상북도,111712,-6019.0
2015,여성,33,경상북도,159010,
2016,여성,33,경상북도,155174,-3836.0
2017,여성,33,경상북도,150435,-4739.0
2018,여성,33,경상북도,145349,-5086.0
2019,여성,33,경상북도,138855,-6494.0
2020,여성,33,경상북도,131263,-7592.0
2021,여성,33,경상북도,125970,-5293.0
2022,여성,33,경상북도,120083,-5887.0
2015,여성,34,경상북도,196537,
2016,여성,34,경상북도,193351,-3186.0
2017,여성,34,경상북도,190050,-3301.0
2018,여성,34,경상북도,183696,-6354.0
2019,여성,34,경상북도,179494,-4202.0
2020,여성,34,경상북도,176477,-3017.0
2021,여성,34,경상북도,174044,-2433.0
2022,여성,34,경상북도,171827,-2217.0
2015,여성,35,경상북도,213983,
2016,여성,35,경상북도,214304,321.0
2017,여성,35,경상북도,215118,814.0
2018,여성,35,경상북도,217637,2519.0
2019,여성,35,경상북도,217049,-588.0
2020,여성,35,경상북도,213987,-3062.0
2021,여성,35,경상북도,211476,-2511.0
2022,여성,35,경상북도,209444,-2032.0
2015,여성,36,경상북도,152729,
2016,여성,36,경상북도,163294,10565.0
2017,여성,36,경상북도,170490,7196.0
2018,여성,36,경상북도,176599,6109.0
2019,여성,36,경상북도,184486,7887.0
2020,여성,36,경상북도,196687,12201.0
2021,여성,36,경상북도,208497,11810.0
2022,여성,36,경상북도,213060,4563.0
2015,여성,40,경상북도,207049,
2016,여성,40,경상북도,207046,-3.0
2017,여성,40,경상북도,212879,5833.0
2018,여성,40,경상북도,217872,4993.0
2019,여성,40,경상북도,224198,6326.0
2020,여성,40,경상북도,230041,5843.0
2021,여성,40,경상북도,234953,4912.0
2022,여성,40,경상북도,241668,6715.0
2015,남성,31,광주광역시,99840,
2016,남성,31,광주광역시,93992,-5848.0
2017,남성,31,광주광역시,90141,-3851.0
2018,남성,31,광주광역시,85690,-4451.0
2019,남성,31,광주광역시,81997,-3693.0
2020,남성,31,광주광역시,78332,-3665.0
2021,남성,31,광주광역시,76805,-1527.0
2022,남성,31,광주광역시,75469,-1336.0
2015,남성,32,광주광역시,90478,
2016,남성,32,광주광역시,91238,760.0
2017,남성,32,광주광역시,93391,2153.0
2018,남성,32,광주광역시,94982,1591.0
2019,남성,32,광주광역시,97360,2378.0
2020,남성,32,광주광역시,98118,758.0
2021,남성,32,광주광역시,99376,1258.0
2022,남성,32,광주광역시,95648,-3728.0
2015,남성,33,광주광역시,111255,
2016,남성,33,광주광역시,107456,-3799.0
2017,남성,33,광주광역시,103880,-3576.0
2018,남성,33,광주광역시,100450,-3430.0
2019,남성,33,광주광역시,97162,-3288.0
2020,남성,33,광주광역시,93558,-3604.0
2021,남성,33,광주광역시,91621,-1937.0
2022,남성,33,광주광역시,89766,-1855.0
2015,남성,34,광주광역시,129533,
2016,남성,34,광주광역시,127878,-1655.0
2017,남성,34,광주광역시,126312,-1566.0
2018,남성,34,광주광역시,122568,-3744.0
2019,남성,34,광주광역시,120603,-1965.0
2020,남성,34,광주광역시,118625,-1978.0
2021,남성,34,광주광역시,116385,-2240.0
2022,남성,34,광주광역시,114990,-1395.0
2015,남성,35,광주광역시,109018,
2016,남성,35,광주광역시,112282,3264.0
2017,남성,35,광주광역시,113593,1311.0
2018,남성,35,광주광역시,115784,2191.0
2019,남성,35,광주광역시,116954,1170.0
2020,남성,35,광주광역시,116757,-197.0
2021,남성,35,광주광역시,117929,1172.0
2022,남성,35,광주광역시,119220,1291.0
2015,남성,36,광주광역시,60991,
2016,남성,36,광주광역시,64153,3162.0
2017,남성,36,광주광역시,66975,2822.0
2018,남성,36,광주광역시,69828,2853.0
2019,남성,36,광주광역시,73639,3811.0
2020,남성,36,광주광역시,78791,5152.0
2021,남성,36,광주광역시,83687,4896.0
2022,남성,36,광주광역시,86419,2732.0
2015,남성,40,광주광역시,42702,
2016,남성,40,광주광역시,45544,2842.0
2017,남성,40,광주광역시,48418,2874.0
2018,남성,40,광주광역시,51257,2839.0
2019,남성,40,광주광역시,54373,3116.0
2020,남성,40,광주광역시,57238,2865.0
2021,남성,40,광주광역시,59547,2309.0
2022,남성,40,광주광역시,62342,2795.0
2015,여성,31,광주광역시,94634,
2016,여성,31,광주광역시,89631,-5003.0
2017,여성,31,광주광역시,85916,-3715.0
2018,여성,31,광주광역시,81814,-4102.0
2019,여성,31,광주광역시,78469,-3345.0
2020,여성,31,광주광역시,74300,-4169.0
2021,여성,31,광주광역시,73109,-1191.0
2022,여성,31,광주광역시,72138,-971.0
2015,여성,32,광주광역시,98793,
2016,여성,32,광주광역시,98143,-650.0
2017,여성,32,광주광역시,98964,821.0
2018,여성,32,광주광역시,99366,402.0
2019,여성,32,광주광역시,100745,1379.0
2020,여성,32,광주광역시,100664,-81.0
2021,여성,32,광주광역시,101031,367.0
2022,여성,32,광주광역시,97887,-3144.0
2015,여성,33,광주광역시,110156,
2016,여성,33,광주광역시,106467,-3689.0
2017,여성,33,광주광역시,102317,-4150.0
2018,여성,33,광주광역시,98466,-3851.0
2019,여성,33,광주광역시,94087,-4379.0
2020,여성,33,광주광역시,89747,-4340.0
2021,여성,33,광주광역시,87286,-2461.0
2022,여성,33,광주광역시,85265,-2021.0
2015,여성,34,광주광역시,129317,
2016,여성,34,광주광역시,128090,-1227.0
2017,여성,34,광주광역시,126623,-1467.0
2018,여성,34,광주광역시,123004,-3619.0
2019,여성,34,광주광역시,121553,-1451.0
2020,여성,34,광주광역시,120052,-1501.0
2021,여성,34,광주광역시,117369,-2683.0
2022,여성,34,광주광역시,115886,-1483.0
2015,여성,35,광주광역시,110053,
2016,여성,35,광주광역시,113050,2997.0
2017,여성,35,광주광역시,114575,1525.0
2018,여성,35,광주광역시,116794,2219.0
2019,여성,35,광주광역시,117820,1026.0
2020,여성,35,광주광역시,117296,-524.0
2021,여성,35,광주광역시,118267,971.0
2022,여성,35,광주광역시,119652,1385.0
2015,여성,36,광주광역시,66252,
2016,여성,36,광주광역시,69582,3330.0
2017,여성,36,광주광역시,72327,2745.0
2018,여성,36,광주광역시,75535,3208.0
2019,여성,36,광주광역시,79351,3816.0
2020,여성,36,광주광역시,84845,5494.0
2021,여성,36,광주광역시,89984,5139.0
2022,여성,36,광주광역시,92866,2882.0
2015,여성,40,광주광역시,65807,
2016,여성,40,광주광역시,69892,4085.0
2017,여성,40,광주광역시,72677,2785.0
2018,여성,40,광주광역시,76226,3549.0
2019,여성,40,광주광역시,79798,3572.0
2020,여성,40,광주광역시,83397,3599.0
2021,여성,40,광주광역시,85817,2420.0
2022,여성,40,광주광역시,88622,2805.0
2015,남성,31,대구광역시,149345,
2016,남성,31,대구광역시,139793,-9552.0
2017,남성,31,대구광역시,132685,-7108.0
2018,남성,31,대구광역시,126229,-6456.0
2019,남성,31,대구광역시,119831,-6398.0
2020,남성,31,대구광역시,114664,-5167.0
2021,남성,31,대구광역시,110911,-3753.0
2022,남성,31,대구광역시,108536,-2375.0
2015,남성,32,대구광역시,151059,
2016,남성,32,대구광역시,151863,804.0
2017,남성,32,대구광역시,152746,883.0
2018,남성,32,대구광역시,154633,1887.0
2019,남성,32,대구광역시,154175,-458.0
2020,남성,32,대구광역시,154184,9.0
2021,남성,32,대구광역시,152241,-1943.0
2022,남성,32,대구광역시,142189,-10052.0
2015,남성,33,대구광역시,167274,
2016,남성,33,대구광역시,164272,-3002.0
2017,남성,33,대구광역시,161382,-2890.0
2018,남성,33,대구광역시,158734,-2648.0
2019,남성,33,대구광역시,154685,-4049.0
2020,남성,33,대구광역시,149429,-5256.0
2021,남성,33,대구광역시,145849,-3580.0
2022,남성,33,대구광역시,144528,-1321.0
2015,남성,34,대구광역시,210088,
2016,남성,34,대구광역시,205975,-4113.0
2017,남성,34,대구광역시,201647,-4328.0
2018,남성,34,대구광역시,194366,-7281.0
2019,남성,34,대구광역시,188550,-5816.0
2020,남성,34,대구광역시,184194,-4356.0
2021,남성,34,대구광역시,179089,-5105.0
2022,남성,34,대구광역시,175689,-3400.0
2015,남성,35,대구광역시,203287,
2016,남성,35,대구광역시,204716,1429.0
2017,남성,35,대구광역시,205559,843.0
2018,남성,35,대구광역시,207871,2312.0
2019,남성,35,대구광역시,206835,-1036.0
2020,남성,35,대구광역시,204792,-2043.0
2021,남성,35,대구광역시,202202,-2590.0
2022,남성,35,대구광역시,200247,-1955.0
2015,남성,36,대구광역시,119538,
2016,남성,36,대구광역시,127798,8260.0
2017,남성,36,대구광역시,134445,6647.0
2018,남성,36,대구광역시,139580,5135.0
2019,남성,36,대구광역시,145766,6186.0
2020,남성,36,대구광역시,154254,8488.0
2021,남성,36,대구광역시,163342,9088.0
2022,남성,36,대구광역시,167925,4583.0
2015,남성,40,대구광역시,82568,
2016,남성,40,대구광역시,85285,2717.0
2017,남성,40,대구광역시,90387,5102.0
2018,남성,40,대구광역시,95900,5513.0
2019,남성,40,대구광역시,101738,5838.0
2020,남성,40,대구광역시,106751,5013.0
2021,남성,40,대구광역시,111231,4480.0
2022,남성,40,대구광역시,117403,6172.0
2015,여성,31,대구광역시,135173,
2016,여성,31,대구광역시,128053,-7120.0
2017,여성,31,대구광역시,122294,-5759.0
2018,여성,31,대구광역시,116844,-5450.0
2019,여성,31,대구광역시,111604,-5240.0
2020,여성,31,대구광역시,107114,-4490.0
2021,여성,31,대구광역시,103476,-3638.0
2022,여성,31,대구광역시,102793,-683.0
2015,여성,32,대구광역시,143329,
2016,여성,32,대구광역시,143899,570.0
2017,여성,32,대구광역시,145535,1636.0
2018,여성,32,대구광역시,146745,1210.0
2019,여성,32,대구광역시,146071,-674.0
2020,여성,32,대구광역시,147061,990.0
2021,여성,32,대구광역시,144263,-2798.0
2022,여성,32,대구광역시,136775,-7488.0
2015,여성,33,대구광역시,166788,
2016,여성,33,대구광역시,161713,-5075.0
2017,여성,33,대구광역시,156564,-5149.0
2018,여성,33,대구광역시,151617,-4947.0
2019,여성,33,대구광역시,145380,-6237.0
2020,여성,33,대구광역시,138394,-6986.0
2021,여성,33,대구광역시,132761,-5633.0
2022,여성,33,대구광역시,129107,-3654.0
2015,여성,34,대구광역시,218563,
2016,여성,34,대구광역시,214580,-3983.0
2017,여성,34,대구광역시,209196,-5384.0
2018,여성,34,대구광역시,201077,-8119.0
2019,여성,34,대구광역시,194831,-6246.0
2020,여성,34,대구광역시,190362,-4469.0
2021,여성,34,대구광역시,184557,-5805.0
2022,여성,34,대구광역시,180952,-3605.0
2015,여성,35,대구광역시,209839,
2016,여성,35,대구광역시,211796,1957.0
2017,여성,35,대구광역시,213866,2070.0
2018,여성,35,대구광역시,217597,3731.0
2019,여성,35,대구광역시,217341,-256.0
2020,여성,35,대구광역시,215375,-1966.0
2021,여성,35,대구광역시,212311,-3064.0
2022,여성,35,대구광역시,210910,-1401.0
2015,여성,36,대구광역시,131993,
2016,여성,36,대구광역시,141386,9393.0
2017,여성,36,대구광역시,147531,6145.0
2018,여성,36,대구광역시,152114,4583.0
2019,여성,36,대구광역시,158889,6775.0
2020,여성,36,대구광역시,168932,10043.0
2021,여성,36,대구광역시,179075,10143.0
2022,여성,36,대구광역시,183618,4543.0
2015,여성,40,대구광역시,129377,
2016,여성,40,대구광역시,132469,3092.0
2017,여성,40,대구광역시,138715,6246.0
2018,여성,40,대구광역시,145353,6638.0
2019,여성,40,대구광역시,152525,7172.0
2020,여성,40,대구광역시,158265,5740.0
2021,여성,40,대구광역시,163868,5603.0
2022,여성,40,대구광역시,171419,7551.0
2015,남성,31,대전광역시,97892,
2016,남성,31,대전광역시,92773,-5119.0
2017,남성,31,대전광역시,88839,-3934.0
2018,남성,31,대전광역시,84626,-4213.0
2019,남성,31,대전광역시,80819,-3807.0
2020,남성,31,대전광역시,77209,-3610.0
2021,남성,31,대전광역시,75224,-1985.0
2022,남성,31,대전광역시,73825,-1399.0
2015,남성,32,대전광역시,107598,
2016,남성,32,대전광역시,109430,1832.0
2017,남성,32,대전광역시,110327,897.0
2018,남성,32,대전광역시,110870,543.0
2019,남성,32,대전광역시,110986,116.0
2020,남성,32,대전광역시,111730,744.0
2021,남성,32,대전광역시,112090,360.0
2022,남성,32,대전광역시,107438,-4652.0
2015,남성,33,대전광역시,112275,
2016,남성,33,대전광역시,110747,-1528.0
2017,남성,33,대전광역시,108105,-2642.0
2018,남성,33,대전광역시,105033,-3072.0
2019,남성,33,대전광역시,101912,-3121.0
2020,남성,33,대전광역시,99045,-2867.0
2021,남성,33,대전광역시,97309,-1736.0
2022,남성,33,대전광역시,96566,-743.0
2015,남성,34,대전광역시,129254,
2016,남성,34,대전광역시,127517,-1737.0
2017,남성,34,대전광역시,125110,-2407.0
2018,남성,34,대전광역시,120735,-4375.0
2019,남성,34,대전광역시,117065,-3670.0
2020,남성,34,대전광역시,114632,-2433.0
2021,남성,34,대전광역시,111884,-2748.0
2022,남성,34,대전광역시,109968,-1916.0
2015,남성,35,대전광역시,116347,
2016,남성,35,대전광역시,116565,218.0
2017,남성,35,대전광역시,116398,-167.0
2018,남성,35,대전광역시,117177,779.0
2019,남성,35,대전광역시,118118,941.0
2020,남성,35,대전광역시,117395,-723.0
2021,남성,35,대전광역시,116995,-400.0
2022,남성,35,대전광역시,116654,-341.0
2015,남성,36,대전광역시,64397,
2016,남성,36,대전광역시,69014,4617.0
2017,남성,36,대전광역시,73201,4187.0
2018,남성,36,대전광역시,76415,3214.0
2019,남성,36,대전광역시,79999,3584.0
2020,남성,36,대전광역시,84809,4810.0
2021,남성,36,대전광역시,90931,6122.0
2022,남성,36,대전광역시,94038,3107.0
2015,남성,40,대전광역시,43121,
2016,남성,40,대전광역시,45252,2131.0
2017,남성,40,대전광역시,47940,2688.0
2018,남성,40,대전광역시,51002,3062.0
2019,남성,40,대전광역시,53973,2971.0
2020,남성,40,대전광역시,56883,2910.0
2021,남성,40,대전광역시,59162,2279.0
2022,남성,40,대전광역시,62491,3329.0
2015,여성,31,대전광역시,90828,
2016,여성,31,대전광역시,86283,-4545.0
2017,여성,31,대전광역시,82446,-3837.0
2018,여성,31,대전광역시,79056,-3390.0
2019,여성,31,대전광역시,75500,-3556.0
2020,여성,31,대전광역시,72606,-2894.0
2021,여성,31,대전광역시,69820,-2786.0
2022,여성,31,대전광역시,68738,-1082.0
2015,여성,32,대전광역시,103200,
2016,여성,32,대전광역시,103980,780.0
2017,여성,32,대전광역시,105542,1562.0
2018,여성,32,대전광역시,104655,-887.0
2019,여성,32,대전광역시,104784,129.0
2020,여성,32,대전광역시,106842,2058.0
2021,여성,32,대전광역시,105889,-953.0
2022,여성,32,대전광역시,102116,-3773.0
2015,여성,33,대전광역시,111146,
2016,여성,33,대전광역시,107793,-3353.0
2017,여성,33,대전광역시,103924,-3869.0
2018,여성,33,대전광역시,99449,-4475.0
2019,여성,33,대전광역시,94624,-4825.0
2020,여성,33,대전광역시,90550,-4074.0
2021,여성,33,대전광역시,87860,-2690.0
2022,여성,33,대전광역시,86598,-1262.0
2015,여성,34,대전광역시,130453,
2016,여성,34,대전광역시,129244,-1209.0
2017,여성,34,대전광역시,126882,-2362.0
2018,여성,34,대전광역시,122125,-4757.0
2019,여성,34,대전광역시,118146,-3979.0
2020,여성,34,대전광역시,116132,-2014.0
2021,여성,34,대전광역시,113023,-3109.0
2022,여성,34,대전광역시,111219,-1804.0
2015,여성,35,대전광역시,117426,
2016,여성,35,대전광역시,117645,219.0
2017,여성,35,대전광역시,118028,383.0
2018,여성,35,대전광역시,119759,1731.0
2019,여성,35,대전광역시,120531,772.0
2020,여성,35,대전광역시,119059,-1472.0
2021,여성,35,대전광역시,117914,-1145.0
2022,여성,35,대전광역시,117543,-371.0
2015,여성,36,대전광역시,67027,
2016,여성,36,대전광역시,72073,5046.0
2017,여성,36,대전광역시,76037,3964.0
2018,여성,36,대전광역시,79789,3752.0
2019,여성,36,대전광역시,84062,4273.0
2020,여성,36,대전광역시,89675,5613.0
2021,여성,36,대전광역시,96533,6858.0
2022,여성,36,대전광역시,99913,3380.0
2015,여성,40,대전광역시,65141,
2016,여성,40,대전광역시,67864,2723.0
2017,여성,40,대전광역시,70497,2633.0
2018,여성,40,대전광역시,73777,3280.0
2019,여성,40,대전광역시,76943,3166.0
2020,여성,40,대전광역시,80413,3470.0
2021,여성,40,대전광역시,82888,2475.0
2022,여성,40,대전광역시,86235,3347.0
2015,남성,31,부산광역시,176835,
2016,남성,31,부산광역시,165686,-11149.0
2017,남성,31,부산광역시,157424,-8262.0
2018,남성,31,부산광역시,149375,-8049.0
2019,남성,31,부산광역시,142187,-7188.0
2020,남성,31,부산광역시,136238,-5949.0
2021,남성,31,부산광역시,133190,-3048.0
2022,남성,31,부산광역시,131353,-1837.0
2015,남성,32,부산광역시,205480,
2016,남성,32,부산광역시,204993,-487.0
2017,남성,32,부산광역시,205640,647.0
2018,남성,32,부산광역시,205970,330.0
2019,남성,32,부산광역시,204703,-1267.0
2020,남성,32,부산광역시,202746,-1957.0
2021,남성,32,부산광역시,201408,-1338.0
2022,남성,32,부산광역시,187924,-13484.0
2015,남성,33,부산광역시,239167,
2016,남성,33,부산광역시,235563,-3604.0
2017,남성,33,부산광역시,228849,-6714.0
2018,남성,33,부산광역시,221283,-7566.0
2019,남성,33,부산광역시,212956,-8327.0
2020,남성,33,부산광역시,205267,-7689.0
2021,남성,33,부산광역시,199730,-5537.0
2022,남성,33,부산광역시,196176,-3554.0
2015,남성,34,부산광역시,265837,
2016,남성,34,부산광역시,261223,-4614.0
2017,남성,34,부산광역시,256921,-4302.0
2018,남성,34,부산광역시,250729,-6192.0
2019,남성,34,부산광역시,246128,-4601.0
2020,남성,34,부산광역시,243981,-2147.0
2021,남성,34,부산광역시,241247,-2734.0
2022,남성,34,부산광역시,238716,-2531.0
2015,남성,35,부산광역시,285376,
2016,남성,35,부산광역시,281480,-3896.0
2017,남성,35,부산광역시,275851,-5629.0
2018,남성,35,부산광역시,272257,-3594.0
2019,남성,35,부산광역시,268186,-4071.0
2020,남성,35,부산광역시,262799,-5387.0
2021,남성,35,부산광역시,257886,-4913.0
2022,남성,35,부산광역시,254382,-3504.0
2015,남성,36,부산광역시,198383,
2016,남성,36,부산광역시,208862,10479.0
2017,남성,36,부산광역시,216793,7931.0
2018,남성,36,부산광역시,223664,6871.0
2019,남성,36,부산광역시,230802,7138.0
2020,남성,36,부산광역시,240814,10012.0
2021,남성,36,부산광역시,250240,9426.0
2022,남성,36,부산광역시,253236,2996.0
2015,남성,40,부산광역시,128965,
2016,남성,40,부산광역시,135353,6388.0
2017,남성,40,부산광역시,144305,8952.0
2018,남성,40,부산광역시,153530,9225.0
2019,남성,40,부산광역시,163157,9627.0
2020,남성,40,부산광역시,171521,8364.0
2021,남성,40,부산광역시,179202,7681.0
2022,남성,40,부산광역시,189088,9886.0
2015,여성,31,부산광역시,164347,
2016,여성,31,부산광역시,155539,-8808.0
2017,여성,31,부산광역시,148369,-7170.0
2018,여성,31,부산광역시,141555,-6814.0
2019,여성,31,부산광역시,135569,-5986.0
2020,여성,31,부산광역시,129470,-6099.0
2021,여성,31,부산광역시,126406,-3064.0
2022,여성,31,부산광역시,125836,-570.0
2015,여성,32,부산광역시,209473,
2016,여성,32,부산광역시,208734,-739.0
2017,여성,32,부산광역시,208448,-286.0
2018,여성,32,부산광역시,206572,-1876.0
2019,여성,32,부산광역시,203061,-3511.0
2020,여성,32,부산광역시,203270,209.0
2021,여성,32,부산광역시,199287,-3983.0
2022,여성,32,부산광역시,188956,-10331.0
2015,여성,33,부산광역시,231393,
2016,여성,33,부산광역시,226977,-4416.0
2017,여성,33,부산광역시,220111,-6866.0
2018,여성,33,부산광역시,212999,-7112.0
2019,여성,33,부산광역시,204410,-8589.0
2020,여성,33,부산광역시,196658,-7752.0
2021,여성,33,부산광역시,190270,-6388.0
2022,여성,33,부산광역시,185998,-4272.0
2015,여성,34,부산광역시,274657,
2016,여성,34,부산광역시,268727,-5930.0
2017,여성,34,부산광역시,261078,-7649.0
2018,여성,34,부산광역시,252032,-9046.0
2019,여성,34,부산광역시,246294,-5738.0
2020,여성,34,부산광역시,243272,-3022.0
2021,여성,34,부산광역시,238731,-4541.0
2022,여성,34,부산광역시,235789,-2942.0
2015,여성,35,부산광역시,311234,
2016,여성,35,부산광역시,306768,-4466.0
2017,여성,35,부산광역시,301584,-5184.0
2018,여성,35,부산광역시,298248,-3336.0
2019,여성,35,부산광역시,293464,-4784.0
2020,여성,35,부산광역시,285499,-7965.0
2021,여성,35,부산광역시,277601,-7898.0
2022,여성,35,부산광역시,272136,-5465.0
2015,여성,36,부산광역시,217116,
2016,여성,36,부산광역시,230351,13235.0
2017,여성,36,부산광역시,240151,9800.0
2018,여성,36,부산광역시,248477,8326.0
2019,여성,36,부산광역시,257727,9250.0
2020,여성,36,부산광역시,271273,13546.0
2021,여성,36,부산광역시,284127,12854.0
2022,여성,36,부산광역시,288512,4385.0
2015,여성,40,부산광역시,191458,
2016,여성,40,부산광역시,200003,8545.0
2017,여성,40,부산광역시,209958,9955.0
2018,여성,40,부산광역시,220646,10688.0
2019,여성,40,부산광역시,232130,11484.0
2020,여성,40,부산광역시,242302,10172.0
2021,여성,40,부산광역시,251518,9216.0
2022,여성,40,부산광역시,263694,12176.0
2015,남성,31,서울특별시,479115,
2016,남성,31,서울특별시,452349,-26766.0
2017,남성,31,서울특별시,432384,-19965.0
2018,남성,31,서울특별시,411416,-20968.0
2019,남성,31,서울특별시,392400,-19016.0
2020,남성,31,서울특별시,377549,-14851.0
2021,남성,31,서울특별시,365160,-12389.0
2022,남성,31,서울특별시,357333,-7827.0
2015,남성,32,서울특별시,617028,
2016,남성,32,서울특별시,616222,-806.0
2017,남성,32,서울특별시,619339,3117.0
2018,남성,32,서울특별시,622206,2867.0
2019,남성,32,서울특별시,626043,3837.0
2020,남성,32,서울특별시,628596,2553.0
2021,남성,32,서울특별시,620298,-8298.0
2022,남성,32,서울특별시,596177,-24121.0
2015,남성,33,서울특별시,794343,
2016,남성,33,서울특별시,770839,-23504.0
2017,남성,33,서울특별시,752404,-18435.0
2018,남성,33,서울특별시,734174,-18230.0
2019,남성,33,서울특별시,714928,-19246.0
2020,남성,33,서울특별시,702156,-12772.0
2021,남성,33,서울특별시,685848,-16308.0
2022,남성,33,서울특별시,680371,-5477.0
2015,남성,34,서울특별시,787902,
2016,남성,34,서울특별시,773796,-14106.0
2017,남성,34,서울특별시,761324,-12472.0
2018,남성,34,서울특별시,737098,-24226.0
2019,남성,34,서울특별시,719916,-17182.0
2020,남성,34,서울특별시,707196,-12720.0
2021,남성,34,서울특별시,690385,-16811.0
2022,남성,34,서울특별시,678919,-11466.0
2015,남성,35,서울특별시,725192,
2016,남성,35,서울특별시,718558,-6634.0
2017,남성,35,서울특별시,710073,-8485.0
2018,남성,35,서울특별시,705847,-4226.0
2019,남성,35,서울특별시,704009,-1838.0
2020,남성,35,서울특별시,697092,-6917.0
2021,남성,35,서울특별시,694134,-2958.0
2022,남성,35,서울특별시,692990,-1144.0
2015,남성,36,서울특별시,469637,
2016,남성,36,서울특별시,487366,17729.0
2017,남성,36,서울특별시,501236,13870.0
2018,남성,36,서울특별시,515087,13851.0
2019,남성,36,서울특별시,532878,17791.0
2020,남성,36,서울특별시,555630,22752.0
2021,남성,36,서울특별시,580552,24922.0
2022,남성,36,서울특별시,589048,8496.0
2015,남성,40,서울특별시,323863,
2016,남성,40,서울특별시,336993,13130.0
2017,남성,40,서울특별시,359329,22336.0
2018,남성,40,서울특별시,378431,19102.0
2019,남성,40,서울특별시,398252,19821.0
2020,남성,40,서울특별시,415657,17405.0
2021,남성,40,서울특별시,427512,11855.0
2022,남성,40,서울특별시,450061,22549.0
2015,여성,31,서울특별시,458801,
2016,여성,31,서울특별시,435179,-23622.0
2017,여성,31,서울특별시,416701,-18478.0
2018,여성,31,서울특별시,397839,-18862.0
2019,여성,31,서울특별시,381911,-15928.0
2020,여성,31,서울특별시,366962,-14949.0
2021,여성,31,서울특별시,353456,-13506.0
2022,여성,31,서울특별시,347361,-6095.0
2015,여성,32,서울특별시,705472,
2016,여성,32,서울특별시,703227,-2245.0
2017,여성,32,서울특별시,706701,3474.0
2018,여성,32,서울특별시,712329,5628.0
2019,여성,32,서울특별시,721934,9605.0
2020,여성,32,서울특별시,736091,14157.0
2021,여성,32,서울특별시,726022,-10069.0
2022,여성,32,서울특별시,707154,-18868.0
2015,여성,33,서울특별시,787750,
2016,여성,33,서울특별시,767532,-20218.0
2017,여성,33,서울특별시,748549,-18983.0
2018,여성,33,서울특별시,730164,-18385.0
2019,여성,33,서울특별시,712002,-18162.0
2020,여성,33,서울특별시,698296,-13706.0
2021,여성,33,서울특별시,683916,-14380.0
2022,여성,33,서울특별시,677084,-6832.0
2015,여성,34,서울특별시,801758,
2016,여성,34,서울특별시,791022,-10736.0
2017,여성,34,서울특별시,778066,-12956.0
2018,여성,34,서울특별시,752250,-25816.0
2019,여성,34,서울특별시,735375,-16875.0
2020,여성,34,서울특별시,723532,-11843.0
2021,여성,34,서울특별시,703815,-19717.0
2022,여성,34,서울특별시,692866,-10949.0
2015,여성,35,서울특별시,780762,
2016,여성,35,서울특별시,770000,-10762.0
2017,여성,35,서울특별시,761411,-8589.0
2018,여성,35,서울특별시,756784,-4627.0
2019,여성,35,서울특별시,752651,-4133.0
2020,여성,35,서울특별시,741111,-11540.0
2021,여성,35,서울특별시,732257,-8854.0
2022,여성,35,서울특별시,729340,-2917.0
2015,여성,36,서울특별시,519909,
2016,여성,36,서울특별시,542624,22715.0
2017,여성,36,서울특별시,559767,17143.0
2018,여성,36,서울특별시,576606,16839.0
2019,여성,36,서울특별시,597849,21243.0
2020,여성,36,서울특별시,626859,29010.0
2021,여성,36,서울특별시,656869,30010.0
2022,여성,36,서울특별시,665618,8749.0
2015,여성,40,서울특별시,441409,
2016,여성,40,서울특별시,456153,14744.0
2017,여성,40,서울특별시,483446,27293.0
2018,여성,40,서울특별시,505340,21894.0
2019,여성,40,서울특별시,529756,24416.0
2020,여성,40,서울특별시,551184,21428.0
2021,여성,40,서울특별시,566079,14895.0
2022,여성,40,서울특별시,594421,28342.0
2015,남성,31,세종특별자치시,11851,
2016,남성,31,세종특별자치시,14025,2174.0
2017,남성,31,세종특별자치시,16105,2080.0
2018,남성,31,세종특별자치시,18142,2037.0
2019,남성,31,세종특별자치시,19126,984.0
2020,남성,31,세종특별자치시,20915,1789.0
2021,남성,31,세종특별자치시,22130,1215.0
2022,남성,31,세종특별자치시,24067,1937.0
2015,남성,32,세종특별자치시,12272,
2016,남성,32,세종특별자치시,15005,2733.0
2017,남성,32,세종특별자치시,15988,983.0
2018,남성,32,세종특별자치시,17367,1379.0
2019,남성,32,세종특별자치시,18540,1173.0
2020,남성,32,세종특별자치시,19213,673.0
2021,남성,32,세종특별자치시,18441,-772.0
2022,남성,32,세종특별자치시,19699,1258.0
2015,남성,33,세종특별자치시,17380,
2016,남성,33,세종특별자치시,21063,3683.0
2017,남성,33,세종특별자치시,23845,2782.0
2018,남성,33,세종특별자치시,27022,3177.0
2019,남성,33,세종특별자치시,28664,1642.0
2020,남성,33,세종특별자치시,28678,14.0
2021,남성,33,세종특별자치시,28643,-35.0
2022,남성,33,세종특별자치시,28826,183.0
2015,남성,34,세종특별자치시,17947,
2016,남성,34,세종특별자치시,21873,3926.0
2017,남성,34,세종특별자치시,25518,3645.0
2018,남성,34,세종특별자치시,28856,3338.0
2019,남성,34,세종특별자치시,31400,2544.0
2020,남성,34,세종특별자치시,33364,1964.0
2021,남성,34,세종특별자치시,34922,1558.0
2022,남성,34,세종특별자치시,36579,1657.0
2015,남성,35,세종특별자치시,12270,
2016,남성,35,세종특별자치시,14094,1824.0
2017,남성,35,세종특별자치시,16185,2091.0
2018,남성,35,세종특별자치시,18671,2486.0
2019,남성,35,세종특별자치시,20825,2154.0
2020,남성,35,세종특별자치시,22343,1518.0
2021,남성,35,세종특별자치시,24156,1813.0
2022,남성,35,세종특별자치시,25905,1749.0
2015,남성,36,세종특별자치시,7028,
2016,남성,36,세종특별자치시,8348,1320.0
2017,남성,36,세종특별자치시,9776,1428.0
2018,남성,36,세종특별자치시,11380,1604.0
2019,남성,36,세종특별자치시,12753,1373.0
2020,남성,36,세종특별자치시,14137,1384.0
2021,남성,36,세종특별자치시,15926,1789.0
2022,남성,36,세종특별자치시,17014,1088.0
2015,남성,40,세종특별자치시,5709,
2016,남성,40,세종특별자치시,6150,441.0
2017,남성,40,세종특별자치시,6771,621.0
2018,남성,40,세종특별자치시,7439,668.0
2019,남성,40,세종특별자치시,8131,692.0
2020,남성,40,세종특별자치시,8791,660.0
2021,남성,40,세종특별자치시,9337,546.0
2022,남성,40,세종특별자치시,10126,789.0
2015,여성,31,세종특별자치시,11696,
2016,여성,31,세종특별자치시,13849,2153.0
2017,여성,31,세종특별자치시,16086,2237.0
2018,여성,31,세종특별자치시,18212,2126.0
2019,여성,31,세종특별자치시,19377,1165.0
2020,여성,31,세종특별자치시,20976,1599.0
2021,여성,31,세종특별자치시,22007,1031.0
2022,여성,31,세종특별자치시,23822,1815.0
2015,여성,32,세종특별자치시,11524,
2016,여성,32,세종특별자치시,14081,2557.0
2017,여성,32,세종특별자치시,15559,1478.0
2018,여성,32,세종특별자치시,17255,1696.0
2019,여성,32,세종특별자치시,18624,1369.0
2020,여성,32,세종특별자치시,19383,759.0
2021,여성,32,세종특별자치시,18919,-464.0
2022,여성,32,세종특별자치시,19555,636.0
2015,여성,33,세종특별자치시,18585,
2016,여성,33,세종특별자치시,22257,3672.0
2017,여성,33,세종특별자치시,25479,3222.0
2018,여성,33,세종특별자치시,28700,3221.0
2019,여성,33,세종특별자치시,30255,1555.0
2020,여성,33,세종특별자치시,30181,-74.0
2021,여성,33,세종특별자치시,30253,72.0
2022,여성,33,세종특별자치시,30144,-109.0
2015,여성,34,세종특별자치시,15735,
2016,여성,34,세종특별자치시,19348,3613.0
2017,여성,34,세종특별자치시,23072,3724.0
2018,여성,34,세종특별자치시,26519,3447.0
2019,여성,34,세종특별자치시,29589,3070.0
2020,여성,34,세종특별자치시,32109,2520.0
2021,여성,34,세종특별자치시,34265,2156.0
2022,여성,34,세종특별자치시,36659,2394.0
2015,여성,35,세종특별자치시,11493,
2016,여성,35,세종특별자치시,13282,1789.0
2017,여성,35,세종특별자치시,15336,2054.0
2018,여성,35,세종특별자치시,17705,2369.0
2019,여성,35,세종특별자치시,19623,1918.0
2020,여성,35,세종특별자치시,20834,1211.0
2021,여성,35,세종특별자치시,22306,1472.0
2022,여성,35,세종특별자치시,23714,1408.0
2015,여성,36,세종특별자치시,7346,
2016,여성,36,세종특별자치시,8774,1428.0
2017,여성,36,세종특별자치시,10130,1356.0
2018,여성,36,세종특별자치시,11727,1597.0
2019,여성,36,세종특별자치시,13090,1363.0
2020,여성,36,세종특별자치시,14471,1381.0
2021,여성,36,세종특별자치시,16244,1773.0
2022,여성,36,세종특별자치시,17379,1135.0
2015,여성,40,세종특별자치시,9075,
2016,여성,40,세종특별자치시,9616,541.0
2017,여성,40,세종특별자치시,10369,753.0
2018,여성,40,세종특별자치시,11091,722.0
2019,여성,40,세종특별자치시,11833,742.0
2020,여성,40,세종특별자치시,12440,607.0
2021,여성,40,세종특별자치시,12959,519.0
2022,여성,40,세종특별자치시,13733,774.0
2015,남성,31,울산광역시,70785,
2016,남성,31,울산광역시,66102,-4683.0
2017,남성,31,울산광역시,62812,-3290.0
2018,남성,31,울산광역시,60344,-2468.0
2019,남성,31,울산광역시,57386,-2958.0
2020,남성,31,울산광역시,55979,-1407.0
2021,남성,31,울산광역시,55304,-675.0
2022,남성,31,울산광역시,54459,-845.0
2015,남성,32,울산광역시,72394,
2016,남성,32,울산광역시,73322,928.0
2017,남성,32,울산광역시,72414,-908.0
2018,남성,32,울산광역시,72173,-241.0
2019,남성,32,울산광역시,71523,-650.0
2020,남성,32,울산광역시,71054,-469.0
2021,남성,32,울산광역시,69816,-1238.0
2022,남성,32,울산광역시,64891,-4925.0
2015,남성,33,울산광역시,92513,
2016,남성,33,울산광역시,91339,-1174.0
2017,남성,33,울산광역시,88793,-2546.0
2018,남성,33,울산광역시,86055,-2738.0
2019,남성,33,울산광역시,83163,-2892.0
2020,남성,33,울산광역시,79260,-3903.0
2021,남성,33,울산광역시,75686,-3574.0
2022,남성,33,울산광역시,73543,-2143.0
2015,남성,34,울산광역시,102921,
2016,남성,34,울산광역시,99642,-3279.0
2017,남성,34,울산광역시,98007,-1635.0
2018,남성,34,울산광역시,95226,-2781.0
2019,남성,34,울산광역시,93267,-1959.0
2020,남성,34,울산광역시,92562,-705.0
2021,남성,34,울산광역시,90964,-1598.0
2022,남성,34,울산광역시,90205,-759.0
2015,남성,35,울산광역시,100513,
2016,남성,35,울산광역시,102748,2235.0
2017,남성,35,울산광역시,103764,1016.0
2018,남성,35,울산광역시,104686,922.0
2019,남성,35,울산광역시,104828,142.0
2020,남성,35,울산광역시,103791,-1037.0
2021,남성,35,울산광역시,101912,-1879.0
2022,남성,35,울산광역시,100509,-1403.0
2015,남성,36,울산광역시,49393,
2016,남성,36,울산광역시,53646,4253.0
2017,남성,36,울산광역시,57413,3767.0
2018,남성,36,울산광역시,61236,3823.0
2019,남성,36,울산광역시,65490,4254.0
2020,남성,36,울산광역시,70754,5264.0
2021,남성,36,울산광역시,76301,5547.0
2022,남성,36,울산광역시,79950,3649.0
2015,남성,40,울산광역시,24217,
2016,남성,40,울산광역시,25631,1414.0
2017,남성,40,울산광역시,27846,2215.0
2018,남성,40,울산광역시,30329,2483.0
2019,남성,40,울산광역시,33058,2729.0
2020,남성,40,울산광역시,35595,2537.0
2021,남성,40,울산광역시,38039,2444.0
2022,남성,40,울산광역시,41329,3290.0
2015,여성,31,울산광역시,62459,
2016,여성,31,울산광역시,59145,-3314.0
2017,여성,31,울산광역시,56553,-2592.0
2018,여성,31,울산광역시,54243,-2310.0
2019,여성,31,울산광역시,52292,-1951.0
2020,여성,31,울산광역시,50954,-1338.0
2021,여성,31,울산광역시,50095,-859.0
2022,여성,31,울산광역시,50091,-4.0
2015,여성,32,울산광역시,62561,
2016,여성,32,울산광역시,62536,-25.0
2017,여성,32,울산광역시,61872,-664.0
2018,여성,32,울산광역시,61319,-553.0
2019,여성,32,울산광역시,59590,-1729.0
2020,여성,32,울산광역시,59063,-527.0
2021,여성,32,울산광역시,55887,-3176.0
2022,여성,32,울산광역시,52324,-3563.0
2015,여성,33,울산광역시,83833,
2016,여성,33,울산광역시,82460,-1373.0
2017,여성,33,울산광역시,79838,-2622.0
2018,여성,33,울산광역시,77284,-2554.0
2019,여성,33,울산광역시,74012,-3272.0
2020,여성,33,울산광역시,69942,-4070.0
2021,여성,33,울산광역시,66518,-3424.0
2022,여성,33,울산광역시,63403,-3115.0
2015,여성,34,울산광역시,103751,
2016,여성,34,울산광역시,101123,-2628.0
2017,여성,34,울산광역시,98142,-2981.0
2018,여성,34,울산광역시,94349,-3793.0
2019,여성,34,울산광역시,91746,-2603.0
2020,여성,34,울산광역시,90213,-1533.0
2021,여성,34,울산광역시,87683,-2530.0
2022,여성,34,울산광역시,86444,-1239.0
2015,여성,35,울산광역시,94671,
2016,여성,35,울산광역시,96670,1999.0
2017,여성,35,울산광역시,98326,1656.0
2018,여성,35,울산광역시,100291,1965.0
2019,여성,35,울산광역시,101492,1201.0
2020,여성,35,울산광역시,101323,-169.0
2021,여성,35,울산광역시,100252,-1071.0
2022,여성,35,울산광역시,99769,-483.0
2015,여성,36,울산광역시,47369,
2016,여성,36,울산광역시,51929,4560.0
2017,여성,36,울산광역시,55968,4039.0
2018,여성,36,울산광역시,59876,3908.0
2019,여성,36,울산광역시,64486,4610.0
2020,여성,36,울산광역시,70026,5540.0
2021,여성,36,울산광역시,75699,5673.0
2022,여성,36,울산광역시,79165,3466.0
2015,여성,40,울산광역시,38466,
2016,여성,40,울산광역시,39716,1250.0
2017,여성,40,울산광역시,41546,1830.0
2018,여성,40,울산광역시,43797,2251.0
2019,여성,40,울산광역시,46220,2423.0
2020,여성,40,울산광역시,48575,2355.0
2021,여성,40,울산광역시,50857,2282.0
2022,여성,40,울산광역시,53942,3085.0
2015,남성,31,인천광역시,160348,
2016,남성,31,인천광역시,153283,-7065.0
2017,남성,31,인천광역시,148303,-4980.0
2018,남성,31,인천광역시,142659,-5644.0
2019,남성,31,인천광역시,138243,-4416.0
2020,남성,31,인천광역시,134034,-4209.0
2021,남성,31,인천광역시,133350,-684.0
2022,남성,31,인천광역시,133495,145.0
2015,남성,32,인천광역시,169919,
2016,남성,32,인천광역시,173542,3623.0
2017,남성,32,인천광역시,176387,2845.0
2018,남성,32,인천광역시,177797,1410.0
2019,남성,32,인천광역시,180033,2236.0
2020,남성,32,인천광역시,179622,-411.0
2021,남성,32,인천광역시,179274,-348.0
2022,남성,32,인천광역시,172331,-6943.0
2015,남성,33,인천광역시,223491,
2016,남성,33,인천광역시,221964,-1527.0
2017,남성,33,인천광역시,218316,-3648.0
2018,남성,33,인천광역시,213987,-4329.0
2019,남성,33,인천광역시,208533,-5454.0
2020,남성,33,인천광역시,201070,-7463.0
2021,남성,33,인천광역시,199655,-1415.0
2022,남성,33,인천광역시,202027,2372.0
2015,남성,34,인천광역시,247989,
2016,남성,34,인천광역시,246120,-1869.0
2017,남성,34,인천광역시,244427,-1693.0
2018,남성,34,인천광역시,240056,-4371.0
2019,남성,34,인천광역시,237590,-2466.0
2020,남성,34,인천광역시,235458,-2132.0
2021,남성,34,인천광역시,235005,-453.0
2022,남성,34,인천광역시,236797,1792.0
2015,남성,35,인천광역시,239619,
2016,남성,35,인천광역시,243562,3943.0
2017,남성,35,인천광역시,244862,1300.0
2018,남성,35,인천광역시,246811,1949.0
2019,남성,35,인천광역시,247858,1047.0
2020,남성,35,인천광역시,245086,-2772.0
2021,남성,35,인천광역시,244183,-903.0
2022,남성,35,인천광역시,244474,291.0
2015,남성,36,인천광역시,121645,
2016,남성,36,인천광역시,131241,9596.0
2017,남성,36,인천광역시,140465,9224.0
2018,남성,36,인천광역시,150365,9900.0
2019,남성,36,인천광역시,161291,10926.0
2020,남성,36,인천광역시,174841,13550.0
2021,남성,36,인천광역시,190774,15933.0
2022,남성,36,인천광역시,200811,10037.0
2015,남성,40,인천광역시,78308,
2016,남성,40,인천광역시,82856,4548.0
2017,남성,40,인천광역시,89056,6200.0
2018,남성,40,인천광역시,95368,6312.0
2019,남성,40,인천광역시,101786,6418.0
2020,남성,40,인천광역시,107520,5734.0
2021,남성,40,인천광역시,111851,4331.0
2022,남성,40,인천광역시,119756,7905.0
2015,여성,31,인천광역시,152160,
2016,여성,31,인천광역시,146118,-6042.0
2017,여성,31,인천광역시,141301,-4817.0
2018,여성,31,인천광역시,137039,-4262.0
2019,여성,31,인천광역시,132931,-4108.0
2020,여성,31,인천광역시,129102,-3829.0
2021,여성,31,인천광역시,127568,-1534.0
2022,여성,31,인천광역시,128192,624.0
2015,여성,32,인천광역시,179705,
2016,여성,32,인천광역시,180885,1180.0
2017,여성,32,인천광역시,182290,1405.0
2018,여성,32,인천광역시,182362,72.0
2019,여성,32,인천광역시,181979,-383.0
2020,여성,32,인천광역시,183145,1166.0
2021,여성,32,인천광역시,178798,-4347.0
2022,여성,32,인천광역시,172340,-6458.0
2015,여성,33,인천광역시,213987,
2016,여성,33,인천광역시,211600,-2387.0
2017,여성,33,인천광역시,206639,-4961.0
2018,여성,33,인천광역시,202143,-4496.0
2019,여성,33,인천광역시,196400,-5743.0
2020,여성,33,인천광역시,188382,-8018.0
2021,여성,33,인천광역시,185992,-2390.0
2022,여성,33,인천광역시,187239,1247.0
2015,여성,34,인천광역시,246918,
2016,여성,34,인천광역시,244161,-2757.0
2017,여성,34,인천광역시,240803,-3358.0
2018,여성,34,인천광역시,234738,-6065.0
2019,여성,34,인천광역시,230451,-4287.0
2020,여성,34,인천광역시,228081,-2370.0
2021,여성,34,인천광역시,226076,-2005.0
2022,여성,34,인천광역시,226704,628.0
2015,여성,35,인천광역시,236013,
2016,여성,35,인천광역시,240976,4963.0
2017,여성,35,인천광역시,244418,3442.0
2018,여성,35,인천광역시,249028,4610.0
2019,여성,35,인천광역시,251776,2748.0
2020,여성,35,인천광역시,249753,-2023.0
2021,여성,35,인천광역시,249039,-714.0
2022,여성,35,인천광역시,249389,350.0
2015,여성,36,인천광역시,124841,
2016,여성,36,인천광역시,134555,9714.0
2017,여성,36,인천광역시,143392,8837.0
2018,여성,36,인천광역시,153622,10230.0
2019,여성,36,인천광역시,164936,11314.0
2020,여성,36,인천광역시,179206,14270.0
2021,여성,36,인천광역시,196052,16846.0
2022,여성,36,인천광역시,206887,10835.0
2015,여성,40,인천광역시,122382,
2016,여성,40,인천광역시,127466,5084.0
2017,여성,40,인천광역시,134582,7116.0
2018,여성,40,인천광역시,140936,6354.0
2019,여성,40,인천광역시,148085,7149.0
2020,여성,40,인천광역시,154489,6404.0
2021,여성,40,인천광역시,159538,5049.0
2022,여성,40,인천광역시,167765,8227.0
2015,남성,31,전라남도,100576,
2016,남성,31,전라남도,95472,-5104.0
2017,남성,31,전라남도,91283,-4189.0
2018,남성,31,전라남도,87509,-3774.0
2019,남성,31,전라남도,83389,-4120.0
2020,남성,31,전라남도,81143,-2246.0
2021,남성,31,전라남도,79478,-1665.0
2022,남성,31,전라남도,77592,-1886.0
2015,남성,32,전라남도,78372,
2016,남성,32,전라남도,80259,1887.0
2017,남성,32,전라남도,79852,-407.0
2018,남성,32,전라남도,83468,3616.0
2019,남성,32,전라남도,86974,3506.0
2020,남성,32,전라남도,90638,3664.0
2021,남성,32,전라남도,90954,316.0
2022,남성,32,전라남도,86220,-4734.0
2015,남성,33,전라남도,107829,
2016,남성,33,전라남도,105632,-2197.0
2017,남성,33,전라남도,102789,-2843.0
2018,남성,33,전라남도,99038,-3751.0
2019,남성,33,전라남도,95380,-3658.0
2020,남성,33,전라남도,92161,-3219.0
2021,남성,33,전라남도,88462,-3699.0
2022,남성,33,전라남도,85463,-2999.0
2015,남성,34,전라남도,144421,
2016,남성,34,전라남도,140748,-3673.0
2017,남성,34,전라남도,138012,-2736.0
2018,남성,34,전라남도,133421,-4591.0
2019,남성,34,전라남도,130919,-2502.0
2020,남성,34,전라남도,129251,-1668.0
2021,남성,34,전라남도,125279,-3972.0
2022,남성,34,전라남도,123335,-1944.0
2015,남성,35,전라남도,147073,
2016,남성,35,전라남도,150447,3374.0
2017,남성,35,전라남도,151942,1495.0
2018,남성,35,전라남도,154337,2395.0
2019,남성,35,전라남도,154700,363.0
2020,남성,35,전라남도,154883,183.0
2021,남성,35,전라남도,155626,743.0
2022,남성,35,전라남도,155776,150.0
2015,남성,36,전라남도,102490,
2016,남성,36,전라남도,106247,3757.0
2017,남성,36,전라남도,110091,3844.0
2018,남성,36,전라남도,114683,4592.0
2019,남성,36,전라남도,119707,5024.0
2020,남성,36,전라남도,127344,7637.0
2021,남성,36,전라남도,134366,7022.0
2022,남성,36,전라남도,139294,4928.0
2015,남성,40,전라남도,99575,
2016,남성,40,전라남도,101039,1464.0
2017,남성,40,전라남도,105870,4831.0
2018,남성,40,전라남도,109161,3291.0
2019,남성,40,전라남도,113134,3973.0
2020,남성,40,전라남도,116817,3683.0
2021,남성,40,전라남도,120418,3601.0
2022,남성,40,전라남도,124267,3849.0
2015,여성,31,전라남도,92385,
2016,여성,31,전라남도,87956,-4429.0
2017,여성,31,전라남도,84293,-3663.0
2018,여성,31,전라남도,80934,-3359.0
2019,여성,31,전라남도,77440,-3494.0
2020,여성,31,전라남도,75100,-2340.0
2021,여성,31,전라남도,73833,-1267.0
2022,여성,31,전라남도,73153,-680.0
2015,여성,32,전라남도,75733,
2016,여성,32,전라남도,75884,151.0
2017,여성,32,전라남도,75295,-589.0
2018,여성,32,전라남도,76073,778.0
2019,여성,32,전라남도,76019,-54.0
2020,여성,32,전라남도,76632,613.0
2021,여성,32,전라남도,74241,-2391.0
2022,여성,32,전라남도,71461,-2780.0
2015,여성,33,전라남도,98921,
2016,여성,33,전라남도,97154,-1767.0
2017,여성,33,전라남도,94552,-2602.0
2018,여성,33,전라남도,91458,-3094.0
2019,여성,33,전라남도,87236,-4222.0
2020,여성,33,전라남도,83436,-3800.0
2021,여성,33,전라남도,80457,-2979.0
2022,여성,33,전라남도,77762,-2695.0
2015,여성,34,전라남도,126027,
2016,여성,34,전라남도,123804,-2223.0
2017,여성,34,전라남도,122335,-1469.0
2018,여성,34,전라남도,118802,-3533.0
2019,여성,34,전라남도,116497,-2305.0
2020,여성,34,전라남도,115151,-1346.0
2021,여성,34,전라남도,112538,-2613.0
2022,여성,34,전라남도,111169,-1369.0
2015,여성,35,전라남도,137609,
2016,여성,35,전라남도,139296,1687.0
2017,여성,35,전라남도,140104,808.0
2018,여성,35,전라남도,141428,1324.0
2019,여성,35,전라남도,140411,-1017.0
2020,여성,35,전라남도,138651,-1760.0
2021,여성,35,전라남도,138048,-603.0
2022,여성,35,전라남도,138100,52.0
2015,여성,36,전라남도,107404,
2016,여성,36,전라남도,110274,2870.0
2017,여성,36,전라남도,112825,2551.0
2018,여성,36,전라남도,116126,3301.0
2019,여성,36,전라남도,120956,4830.0
2020,여성,36,전라남도,128180,7224.0
2021,여성,36,전라남도,134753,6573.0
2022,여성,36,전라남도,137595,2842.0
2015,여성,40,전라남도,171140,
2016,여성,40,전라남도,170914,-226.0
2017,여성,40,전라남도,176420,5506.0
2018,여성,40,전라남도,178537,2117.0
2019,여성,40,전라남도,181301,2764.0
2020,여성,40,전라남도,185708,4407.0
2021,여성,40,전라남도,188728,3020.0
2022,여성,40,전라남도,191706,2978.0
2015,남성,31,전라북도,110321,
2016,남성,31,전라북도,105391,-4930.0
2017,남성,31,전라북도,100839,-4552.0
2018,남성,31,전라북도,96645,-4194.0
2019,남성,31,전라북도,91998,-4647.0
2020,남성,31,전라북도,88901,-3097.0
2021,남성,31,전라북도,86154,-2747.0
2022,남성,31,전라북도,84239,-1915.0
2015,남성,32,전라북도,100494,
2016,남성,32,전라북도,101369,875.0
2017,남성,32,전라북도,101525,156.0
2018,남성,32,전라북도,102556,1031.0
2019,남성,32,전라북도,103649,1093.0
2020,남성,32,전라북도,105037,1388.0
2021,남성,32,전라북도,105865,828.0
2022,남성,32,전라북도,99823,-6042.0
2015,남성,33,전라북도,113707,
2016,남성,33,전라북도,110774,-2933.0
2017,남성,33,전라북도,106878,-3896.0
2018,남성,33,전라북도,102724,-4154.0
2019,남성,33,전라북도,98132,-4592.0
2020,남성,33,전라북도,94146,-3986.0
2021,남성,33,전라북도,91129,-3017.0
2022,남성,33,전라북도,88676,-2453.0
2015,남성,34,전라북도,146804,
2016,남성,34,전라북도,144567,-2237.0
2017,남성,34,전라북도,142353,-2214.0
2018,남성,34,전라북도,138140,-4213.0
2019,남성,34,전라북도,134496,-3644.0
2020,남성,34,전라북도,132158,-2338.0
2021,남성,34,전라북도,127599,-4559.0
2022,남성,34,전라북도,124758,-2841.0
2015,남성,35,전라북도,142922,
2016,남성,35,전라북도,144769,1847.0
2017,남성,35,전라북도,145369,600.0
2018,남성,35,전라북도,147530,2161.0
2019,남성,35,전라북도,148425,895.0
2020,남성,35,전라북도,147892,-533.0
2021,남성,35,전라북도,147821,-71.0
2022,남성,35,전라북도,147716,-105.0
2015,남성,36,전라북도,98368,
2016,남성,36,전라북도,102830,4462.0
2017,남성,36,전라북도,106113,3283.0
2018,남성,36,전라북도,109664,3551.0
2019,남성,36,전라북도,114377,4713.0
2020,남성,36,전라북도,120979,6602.0
2021,남성,36,전라북도,127523,6544.0
2022,남성,36,전라북도,131965,4442.0
2015,남성,40,전라북도,86009,
2016,남성,40,전라북도,88828,2819.0
2017,남성,40,전라북도,93746,4918.0
2018,남성,40,전라북도,97450,3704.0
2019,남성,40,전라북도,101026,3576.0
2020,남성,40,전라북도,105937,4911.0
2021,남성,40,전라북도,109658,3721.0
2022,남성,40,전라북도,113314,3656.0
2015,여성,31,전라북도,101884,
2016,여성,31,전라북도,97252,-4632.0
2017,여성,31,전라북도,93158,-4094.0
2018,여성,31,전라북도,89204,-3954.0
2019,여성,31,전라북도,85335,-3869.0
2020,여성,31,전라북도,82655,-2680.0
2021,여성,31,전라북도,79890,-2765.0
2022,여성,31,전라북도,78913,-977.0
2015,여성,32,전라북도,96753,
2016,여성,32,전라북도,97280,527.0
2017,여성,32,전라북도,96976,-304.0
2018,여성,32,전라북도,96263,-713.0
2019,여성,32,전라북도,95035,-1228.0
2020,여성,32,전라북도,96211,1176.0
2021,여성,32,전라북도,93940,-2271.0
2022,여성,32,전라북도,89699,-4241.0
2015,여성,33,전라북도,107324,
2016,여성,33,전라북도,104555,-2769.0
2017,여성,33,전라북도,100872,-3683.0
2018,여성,33,전라북도,97237,-3635.0
2019,여성,33,전라북도,92872,-4365.0
2020,여성,33,전라북도,88557,-4315.0
2021,여성,33,전라북도,85431,-3126.0
2022,여성,33,전라북도,82455,-2976.0
2015,여성,34,전라북도,137349,
2016,여성,34,전라북도,135716,-1633.0
2017,여성,34,전라북도,133903,-1813.0
2018,여성,34,전라북도,130329,-3574.0
2019,여성,34,전라북도,127142,-3187.0
2020,여성,34,전라북도,125473,-1669.0
2021,여성,34,전라북도,121926,-3547.0
2022,여성,34,전라북도,119995,-1931.0
2015,여성,35,전라북도,139179,
2016,여성,35,전라북도,140247,1068.0
2017,여성,35,전라북도,141013,766.0
2018,여성,35,전라북도,142572,1559.0
2019,여성,35,전라북도,142462,-110.0
2020,여성,35,전라북도,140459,-2003.0
2021,여성,35,전라북도,139401,-1058.0
2022,여성,35,전라북도,139137,-264.0
2015,여성,36,전라북도,103845,
2016,여성,36,전라북도,107889,4044.0
2017,여성,36,전라북도,110821,2932.0
2018,여성,36,전라북도,113998,3177.0
2019,여성,36,전라북도,118311,4313.0
2020,여성,36,전라북도,124956,6645.0
2021,여성,36,전라북도,131592,6636.0
2022,여성,36,전라북도,135051,3459.0
2015,여성,40,전라북도,142434,
2016,여성,40,전라북도,145136,2702.0
2017,여성,40,전라북도,149883,4747.0
2018,여성,40,전라북도,153331,3448.0
2019,여성,40,전라북도,157109,3778.0
2020,여성,40,전라북도,162652,5543.0
2021,여성,40,전라북도,165686,3034.0
2022,여성,40,전라북도,168771,3085.0
2015,남성,31,제주특별자치도,38118,
2016,남성,31,제주특별자치도,37079,-1039.0
2017,남성,31,제주특별자치도,36389,-690.0
2018,남성,31,제주특별자치도,35854,-535.0
2019,남성,31,제주특별자치도,34896,-958.0
2020,남성,31,제주특별자치도,34696,-200.0
2021,남성,31,제주특별자치도,34700,4.0
2022,남성,31,제주특별자치도,34433,-267.0
2015,남성,32,제주특별자치도,29267,
2016,남성,32,제주특별자치도,30502,1235.0
2017,남성,32,제주특별자치도,31864,1362.0
2018,남성,32,제주특별자치도,33276,1412.0
2019,남성,32,제주특별자치도,34123,847.0
2020,남성,32,제주특별자치도,35803,1680.0
2021,남성,32,제주특별자치도,35981,178.0
2022,남성,32,제주특별자치도,33976,-2005.0
2015,남성,33,제주특별자치도,41401,
2016,남성,33,제주특별자치도,41690,289.0
2017,남성,33,제주특별자치도,42361,671.0
2018,남성,33,제주특별자치도,42592,231.0
2019,남성,33,제주특별자치도,41344,-1248.0
2020,남성,33,제주특별자치도,40155,-1189.0
2021,남성,33,제주특별자치도,39223,-932.0
2022,남성,33,제주특별자치도,38634,-589.0
2015,남성,34,제주특별자치도,53622,
2016,남성,34,제주특별자치도,54718,1096.0
2017,남성,34,제주특별자치도,56002,1284.0
2018,남성,34,제주특별자치도,55759,-243.0
2019,남성,34,제주특별자치도,55308,-451.0
2020,남성,34,제주특별자치도,54958,-350.0
2021,남성,34,제주특별자치도,54280,-678.0
2022,남성,34,제주특별자치도,54080,-200.0
2015,남성,35,제주특별자치도,45986,
2016,남성,35,제주특별자치도,48539,2553.0
2017,남성,35,제주특별자치도,50673,2134.0
2018,남성,35,제주특별자치도,52513,1840.0
2019,남성,35,제주특별자치도,53832,1319.0
2020,남성,35,제주특별자치도,54861,1029.0
2021,남성,35,제주특별자치도,56246,1385.0
2022,남성,35,제주특별자치도,57379,1133.0
2015,남성,36,제주특별자치도,26716,
2016,남성,36,제주특별자치도,28836,2120.0
2017,남성,36,제주특별자치도,30838,2002.0
2018,남성,36,제주특별자치도,32700,1862.0
2019,남성,36,제주특별자치도,34733,2033.0
2020,남성,36,제주특별자치도,37442,2709.0
2021,남성,36,제주특별자치도,39900,2458.0
2022,남성,36,제주특별자치도,41860,1960.0
2015,남성,40,제주특별자치도,21413,
2016,남성,40,제주특별자치도,22762,1349.0
2017,남성,40,제주특별자치도,24267,1505.0
2018,남성,40,제주특별자치도,25856,1589.0
2019,남성,40,제주특별자치도,27120,1264.0
2020,남성,40,제주특별자치도,28228,1108.0
2021,남성,40,제주특별자치도,29406,1178.0
2022,남성,40,제주특별자치도,30722,1316.0
2015,여성,31,제주특별자치도,34820,
2016,여성,31,제주특별자치도,33972,-848.0
2017,여성,31,제주특별자치도,33655,-317.0
2018,여성,31,제주특별자치도,33226,-429.0
2019,여성,31,제주특별자치도,32391,-835.0
2020,여성,31,제주특별자치도,32046,-345.0
2021,여성,31,제주특별자치도,32013,-33.0
2022,여성,31,제주특별자치도,32413,400.0
2015,여성,32,제주특별자치도,30743,
2016,여성,32,제주특별자치도,31637,894.0
2017,여성,32,제주특별자치도,32854,1217.0
2018,여성,32,제주특별자치도,34076,1222.0
2019,여성,32,제주특별자치도,34121,45.0
2020,여성,32,제주특별자치도,35461,1340.0
2021,여성,32,제주특별자치도,34755,-706.0
2022,여성,32,제주특별자치도,33396,-1359.0
2015,여성,33,제주특별자치도,39991,
2016,여성,33,제주특별자치도,40618,627.0
2017,여성,33,제주특별자치도,41020,402.0
2018,여성,33,제주특별자치도,41332,312.0
2019,여성,33,제주특별자치도,40238,-1094.0
2020,여성,33,제주특별자치도,39376,-862.0
2021,여성,33,제주특별자치도,38800,-576.0
2022,여성,33,제주특별자치도,38044,-756.0
2015,여성,34,제주특별자치도,49999,
2016,여성,34,제주특별자치도,50718,719.0
2017,여성,34,제주특별자치도,51763,1045.0
2018,여성,34,제주특별자치도,51818,55.0
2019,여성,34,제주특별자치도,51980,162.0
2020,여성,34,제주특별자치도,52037,57.0
2021,여성,34,제주특별자치도,52017,-20.0
2022,여성,34,제주특별자치도,52244,227.0
2015,여성,35,제주특별자치도,43903,
2016,여성,35,제주특별자치도,45929,2026.0
2017,여성,35,제주특별자치도,47597,1668.0
2018,여성,35,제주특별자치도,49388,1791.0
2019,여성,35,제주특별자치도,50488,1100.0
2020,여성,35,제주특별자치도,51414,926.0
2021,여성,35,제주특별자치도,52758,1344.0
2022,여성,35,제주특별자치도,54098,1340.0
2015,여성,36,제주특별자치도,28164,
2016,여성,36,제주특별자치도,30150,1986.0
2017,여성,36,제주특별자치도,31904,1754.0
2018,여성,36,제주특별자치도,33571,1667.0
2019,여성,36,제주특별자치도,35665,2094.0
2020,여성,36,제주특별자치도,38197,2532.0
2021,여성,36,제주특별자치도,40668,2471.0
2022,여성,36,제주특별자치도,42757,2089.0
2015,여성,40,제주특별자치도,36532,
2016,여성,40,제주특별자치도,37807,1275.0
2017,여성,40,제주특별자치도,39286,1479.0
2018,여성,40,제주특별자치도,40611,1325.0
2019,여성,40,제주특별자치도,41824,1213.0
2020,여성,40,제주특별자치도,43086,1262.0
2021,여성,40,제주특별자치도,44081,995.0
2022,여성,40,제주특별자치도,45186,1105.0
2015,남성,31,충청남도,120865,
2016,남성,31,충청남도,116599,-4266.0
2017,남성,31,충청남도,114248,-2351.0
2018,남성,31,충청남도,111437,-2811.0
2019,남성,31,충청남도,108442,-2995.0
2020,남성,31,충청남도,104405,-4037.0
2021,남성,31,충청남도,103277,-1128.0
2022,남성,31,충청남도,104236,959.0
2015,남성,32,충청남도,118477,
2016,남성,32,충청남도,120791,2314.0
2017,남성,32,충청남도,123078,2287.0
2018,남성,32,충청남도,124545,1467.0
2019,남성,32,충청남도,125400,855.0
2020,남성,32,충청남도,123845,-1555.0
2021,남성,32,충청남도,123594,-251.0
2022,남성,32,충청남도,119933,-3661.0
2015,남성,33,충청남도,152924,
2016,남성,33,충청남도,152378,-546.0
2017,남성,33,충청남도,152687,309.0
2018,남성,33,충청남도,150646,-2041.0
2019,남성,33,충청남도,146453,-4193.0
2020,남성,33,충청남도,140404,-6049.0
2021,남성,33,충청남도,136141,-4263.0
2022,남성,33,충청남도,133224,-2917.0
2015,남성,34,충청남도,167876,
2016,남성,34,충청남도,168936,1060.0
2017,남성,34,충청남도,170470,1534.0
2018,남성,34,충청남도,169105,-1365.0
2019,남성,34,충청남도,167281,-1824.0
2020,남성,34,충청남도,167173,-108.0
2021,남성,34,충청남도,166036,-1137.0
2022,남성,34,충청남도,167103,1067.0
2015,남성,35,충청남도,158454,
2016,남성,35,충청남도,160627,2173.0
2017,남성,35,충청남도,164178,3551.0
2018,남성,35,충청남도,168005,3827.0
2019,남성,35,충청남도,171375,3370.0
2020,남성,35,충청남도,171883,508.0
2021,남성,35,충청남도,172355,472.0
2022,남성,35,충청남도,173190,835.0
2015,남성,36,충청남도,99659,
2016,남성,36,충청남도,106656,6997.0
2017,남성,36,충청남도,112550,5894.0
2018,남성,36,충청남도,118098,5548.0
2019,남성,36,충청남도,123546,5448.0
2020,남성,36,충청남도,132820,9274.0
2021,남성,36,충청남도,144151,11331.0
2022,남성,36,충청남도,151355,7204.0
2015,남성,40,충청남도,92785,
2016,남성,40,충청남도,94803,2018.0
2017,남성,40,충청남도,99250,4447.0
2018,남성,40,충청남도,103357,4107.0
2019,남성,40,충청남도,108095,4738.0
2020,남성,40,충청남도,112767,4672.0
2021,남성,40,충청남도,116084,3317.0
2022,남성,40,충청남도,121092,5008.0
2015,여성,31,충청남도,112340,
2016,여성,31,충청남도,109323,-3017.0
2017,여성,31,충청남도,106797,-2526.0
2018,여성,31,충청남도,104552,-2245.0
2019,여성,31,충청남도,102175,-2377.0
2020,여성,31,충청남도,98103,-4072.0
2021,여성,31,충청남도,96873,-1230.0
2022,여성,31,충청남도,98273,1400.0
2015,여성,32,충청남도,114666,
2016,여성,32,충청남도,116554,1888.0
2017,여성,32,충청남도,116821,267.0
2018,여성,32,충청남도,115539,-1282.0
2019,여성,32,충청남도,114307,-1232.0
2020,여성,32,충청남도,111217,-3090.0
2021,여성,32,충청남도,109470,-1747.0
2022,여성,32,충청남도,107268,-2202.0
2015,여성,33,충청남도,133812,
2016,여성,33,충청남도,132757,-1055.0
2017,여성,33,충청남도,132149,-608.0
2018,여성,33,충청남도,130621,-1528.0
2019,여성,33,충청남도,126403,-4218.0
2020,여성,33,충청남도,120635,-5768.0
2021,여성,33,충청남도,116537,-4098.0
2022,여성,33,충청남도,113157,-3380.0
2015,여성,34,충청남도,149606,
2016,여성,34,충청남도,150745,1139.0
2017,여성,34,충청남도,151564,819.0
2018,여성,34,충청남도,149185,-2379.0
2019,여성,34,충청남도,147526,-1659.0
2020,여성,34,충청남도,147988,462.0
2021,여성,34,충청남도,147182,-806.0
2022,여성,34,충청남도,148311,1129.0
2015,여성,35,충청남도,147753,
2016,여성,35,충청남도,149175,1422.0
2017,여성,35,충청남도,152143,2968.0
2018,여성,35,충청남도,155554,3411.0
2019,여성,35,충청남도,157184,1630.0
2020,여성,35,충청남도,155965,-1219.0
2021,여성,35,충청남도,155202,-763.0
2022,여성,35,충청남도,155840,638.0
2015,여성,36,충청남도,103185,
2016,여성,36,충청남도,110093,6908.0
2017,여성,36,충청남도,115199,5106.0
2018,여성,36,충청남도,120398,5199.0
2019,여성,36,충청남도,125972,5574.0
2020,여성,36,충청남도,134603,8631.0
2021,여성,36,충청남도,144690,10087.0
2022,여성,36,충청남도,150073,5383.0
2015,여성,40,충청남도,145944,
2016,여성,40,충청남도,147694,1750.0
2017,여성,40,충청남도,152271,4577.0
2018,여성,40,충청남도,156200,3929.0
2019,여성,40,충청남도,160693,4493.0
2020,여성,40,충청남도,165445,4752.0
2021,여성,40,충청남도,168423,2978.0
2022,여성,40,충청남도,173072,4649.0
2015,남성,31,충청북도,93764,
2016,남성,31,충청북도,89284,-4480.0
2017,남성,31,충청북도,85501,-3783.0
2018,남성,31,충청북도,82546,-2955.0
2019,남성,31,충청북도,79807,-2739.0
2020,남성,31,충청북도,76764,-3043.0
2021,남성,31,충청북도,74630,-2134.0
2022,남성,31,충청북도,73292,-1338.0
2015,남성,32,충청북도,93455,
2016,남성,32,충청북도,97297,3842.0
2017,남성,32,충청북도,98646,1349.0
2018,남성,32,충청북도,101366,2720.0
2019,남성,32,충청북도,104315,2949.0
2020,남성,32,충청북도,106877,2562.0
2021,남성,32,충청북도,103197,-3680.0
2022,남성,32,충청북도,97998,-5199.0
2015,남성,33,충청북도,107462,
2016,남성,33,충청북도,106819,-643.0
2017,남성,33,충청북도,105404,-1415.0
2018,남성,33,충청북도,104402,-1002.0
2019,남성,33,충청북도,102550,-1852.0
2020,남성,33,충청북도,100611,-1939.0
2021,남성,33,충청북도,98943,-1668.0
2022,남성,33,충청북도,98764,-179.0
2015,남성,34,충청북도,129079,
2016,남성,34,충청북도,127122,-1957.0
2017,남성,34,충청북도,125693,-1429.0
2018,남성,34,충청북도,122908,-2785.0
2019,남성,34,충청북도,120620,-2288.0
2020,남성,34,충청북도,119644,-976.0
2021,남성,34,충청북도,117509,-2135.0
2022,남성,34,충청북도,117483,-26.0
2015,남성,35,충청북도,127652,
2016,남성,35,충청북도,129756,2104.0
2017,남성,35,충청북도,131247,1491.0
2018,남성,35,충청북도,132821,1574.0
2019,남성,35,충청북도,134896,2075.0
2020,남성,35,충청북도,135474,578.0
2021,남성,35,충청북도,133681,-1793.0
2022,남성,35,충청북도,132916,-765.0
2015,남성,36,충청북도,74662,
2016,남성,36,충청북도,80804,6142.0
2017,남성,36,충청북도,86865,6061.0
2018,남성,36,충청북도,93085,6220.0
2019,남성,36,충청북도,99033,5948.0
2020,남성,36,충청북도,106632,7599.0
2021,남성,36,충청북도,116709,10077.0
2022,남성,36,충청북도,121791,5082.0
2015,남성,40,충청북도,63513,
2016,남성,40,충청북도,65057,1544.0
2017,남성,40,충청북도,68082,3025.0
2018,남성,40,충청북도,71138,3056.0
2019,남성,40,충청북도,74208,3070.0
2020,남성,40,충청북도,76656,2448.0
2021,남성,40,충청북도,78697,2041.0
2022,남성,40,충청북도,83522,4825.0
2015,여성,31,충청북도,86886,
2016,여성,31,충청북도,83068,-3818.0
2017,여성,31,충청북도,79624,-3444.0
2018,여성,31,충청북도,76723,-2901.0
2019,여성,31,충청북도,74052,-2671.0
2020,여성,31,충청북도,71938,-2114.0
2021,여성,31,충청북도,70023,-1915.0
2022,여성,31,충청북도,69279,-744.0
2015,여성,32,충청북도,88617,
2016,여성,32,충청북도,90866,2249.0
2017,여성,32,충청북도,91479,613.0
2018,여성,32,충청북도,90709,-770.0
2019,여성,32,충청북도,89871,-838.0
2020,여성,32,충청북도,90739,868.0
2021,여성,32,충청북도,88057,-2682.0
2022,여성,32,충청북도,84180,-3877.0
2015,여성,33,충청북도,100379,
2016,여성,33,충청북도,98501,-1878.0
2017,여성,33,충청북도,96609,-1892.0
2018,여성,33,충청북도,94672,-1937.0
2019,여성,33,충청북도,92083,-2589.0
2020,여성,33,충청북도,89015,-3068.0
2021,여성,33,충청북도,86773,-2242.0
2022,여성,33,충청북도,83808,-2965.0
2015,여성,34,충청북도,122470,
2016,여성,34,충청북도,121047,-1423.0
2017,여성,34,충청북도,119550,-1497.0
2018,여성,34,충청북도,116056,-3494.0
2019,여성,34,충청북도,113172,-2884.0
2020,여성,34,충청북도,112576,-596.0
2021,여성,34,충청북도,110638,-1938.0
2022,여성,34,충청북도,110642,4.0
2015,여성,35,충청북도,122222,
2016,여성,35,충청북도,124216,1994.0
2017,여성,35,충청북도,125585,1369.0
2018,여성,35,충청북도,127911,2326.0
2019,여성,35,충청북도,129798,1887.0
2020,여성,35,충청북도,129408,-390.0
2021,여성,35,충청북도,128018,-1390.0
2022,여성,35,충청북도,127084,-934.0
2015,여성,36,충청북도,77199,
2016,여성,36,충청북도,82918,5719.0
2017,여성,36,충청북도,88420,5502.0
2018,여성,36,충청북도,93981,5561.0
2019,여성,36,충청북도,99907,5926.0
2020,여성,36,충청북도,107382,7475.0
2021,여성,36,충청북도,116822,9440.0
2022,여성,36,충청북도,120990,4168.0
2015,여성,40,충청북도,101716,
2016,여성,40,충청북도,103107,1391.0
2017,여성,40,충청북도,106248,3141.0
2018,여성,40,충청북도,108910,2662.0
2019,여성,40,충청북도,111596,2686.0
2020,여성,40,충청북도,113957,2361.0
2021,여성,40,충청북도,115965,2008.0
2022,여성,40,충청북도,120413,4448.0
