ProductID,Price,SalesVolume,DiscountRate,AdvertisingExpense,PricePerAd,DiscountedPrice
1,10,405,0.3009558948295179,751,0.013315579227696404,6.9904410517048206
2,24,40,0.1667955480619163,936,0.02564102564102564,19.99690684651401
3,81,177,0.7249994838966707,156,0.5192307692307693,22.275041804369675
4,21,188,0.2390639015624603,836,0.025119617224880382,15.979658067188334
5,16,102,0.0548144729402159,324,0.04938271604938271,15.122968432956545
6,72,374,0.1198832755733703,621,0.11594202898550725,63.36840415871734
7,24,9,0.3184048676050821,940,0.02553191489361702,16.35828317747803
8,34,330,0.905816819140988,709,0.047954866008462625,3.202228149206408
9,37,386,0.9708298776662104,210,0.1761904761904762,1.079294526350214
10,39,299,0.0647893973034352,397,0.0982367758186398,36.47321350516602
11,81,52,0.727016807209724,311,0.2604501607717042,22.11163861601236
12,97,240,0.7017782519236155,827,0.11729141475211609,28.92750956340929
13,99,218,0.792633248797695,91,1.0879120879120878,20.529308369028193
14,49,401,0.3601890926243768,681,0.07195301027900147,31.350734461405537
15,35,393,0.3427658314571502,77,0.45454545454545453,23.003195898999742
16,10,453,0.5557288433997652,260,0.038461538461538464,4.442711566002347
17,66,384,0.7503398617676263,376,0.17553191489361702,16.47756912333666
18,31,178,0.908935194903954,821,0.037758830694275276,2.823008957977425
19,10,420,0.4873366499494935,328,0.03048780487804878,5.126633500505065
20,71,355,0.1866902424943113,177,0.4011299435028249,57.74499278290389
21,96,469,0.2920377712321795,214,0.4485981308411215,67.96437396171076
22,16,13,0.4402869804347589,557,0.02872531418312388,8.955408313043858
23,16,256,0.0145152283632741,639,0.025039123630672927,15.767756346187614
24,96,54,0.5938721253485136,542,0.17712177121771217,38.98827596654269
25,34,120,0.0675813649315529,841,0.04042806183115339,31.702233592327204
26,84,256,0.8868481734119689,926,0.09071274298056156,9.504753433394615
27,69,263,0.7839238317302759,471,0.1464968152866242,14.909255610610963
28,87,423,0.466867208305565,523,0.16634799235181644,46.38255287741585
29,91,253,0.9695174234505736,445,0.20449438202247192,2.7739144659978052
30,74,363,0.5509026421530758,657,0.1126331811263318,33.23320448067239
31,39,169,0.1732522237004395,304,0.12828947368421054,32.24316327568286
32,96,115,0.3592027748998957,583,0.1646655231560892,61.51653360961001
33,13,185,0.5603874504812363,408,0.031862745098039214,5.714963143743928
34,66,271,0.9481728808759669,261,0.25287356321839083,3.420589862186188
35,54,431,0.9504307499476068,444,0.12162162162162163,2.6767395028292333
36,62,300,0.6850061495585369,593,0.1045531197301855,19.529618727370714
37,11,364,0.5437561766676305,768,0.014322916666666666,5.018682056656064
38,11,357,0.649234640304373,690,0.015942028985507246,3.8584189566518976
39,99,49,0.3187340268063672,236,0.4194915254237288,67.44533134616965
40,36,175,0.4173643437686408,486,0.07407407407407407,20.974883624328932
41,46,302,0.988627211219119,975,0.04717948717948718,0.5231482839205257
42,70,487,0.7019404644581738,662,0.10574018126888217,20.864167487927833
43,80,274,0.8090306572106994,917,0.08724100327153762,15.277547423144044
44,42,165,0.8439814621485888,910,0.046153846153846156,6.552778589759269
45,32,178,0.9436575419123444,837,0.038231780167264036,1.8029586588049789
46,73,422,0.9568797924904562,441,0.1655328798185941,3.1477751481966987
47,50,74,0.3682874635328699,446,0.11210762331838565,31.585626823356506
48,64,284,0.5817620110919792,342,0.1871345029239766,26.76723129011333
49,65,121,0.5707862675396571,914,0.0711159737417943,27.89889260992229
50,87,412,0.6053051559767059,77,1.12987012987013,34.33845143002659
51,31,431,0.7780760259914451,728,0.042582417582417584,6.879643194265202
52,92,330,0.4725379523768775,72,1.2777777777777777,48.52650838132726
53,53,140,0.5781137471516679,565,0.09380530973451327,22.359971400961605
54,65,29,0.0372338344551269,553,0.11754068716094032,62.57980076041675
55,20,186,0.7963011212487179,617,0.03241491085899514,4.073977575025642
56,93,308,0.1001429257970576,991,0.09384460141271443,83.68670790087364
57,41,183,0.9965047075050466,140,0.29285714285714287,0.14330699229308919
58,78,431,0.6478914180244946,905,0.0861878453038674,27.464469394089424
59,35,239,0.3034256736330247,593,0.05902192242833052,24.380101422844135
60,61,406,0.024904029516564,319,0.19122257053291536,59.4808541994896
61,50,211,0.926724503588405,970,0.05154639175257732,3.663774820579752
62,66,126,0.5767925058399804,217,0.30414746543778803,27.93169461456129
63,21,140,0.131058169816476,370,0.05675675675675676,18.247778433854005
64,81,247,0.6601211729913355,54,1.5,27.53018498770182
65,64,430,0.2172262202629012,323,0.19814241486068113,50.097521903174325
66,58,323,0.930323017417353,931,0.06229860365198711,4.041264989793525
67,51,53,0.8533577769576044,887,0.05749718151071026,7.478753375162176
68,68,199,0.483836322748108,401,0.16957605985037408,35.09913005312866
69,69,317,0.3096441999766007,792,0.08712121212121213,47.63455020161456
70,52,406,0.2871276992409386,562,0.09252669039145907,37.069359639471195
71,56,423,0.0389698316940442,990,0.05656565656565657,53.81768942513352
72,84,188,0.533649140837009,25,3.36,39.173472169691244
73,48,220,0.5804575034838961,905,0.05303867403314917,20.138039832772986
74,79,37,0.265426377792052,768,0.10286458333333333,58.03131615442789
75,51,62,0.0440793040041247,591,0.08629441624365482,48.75195549578964
76,67,394,0.4116633367371743,424,0.1580188679245283,39.41855643860932
77,58,91,0.0587876586172732,780,0.07435897435897436,54.590315800198155
78,99,243,0.5023268756277077,190,0.5210526315789473,49.26963931285694
79,34,181,0.194430173241588,395,0.08607594936708861,27.389374109786004
80,58,204,0.0455647656474311,765,0.07581699346405228,55.357243592448995
81,73,446,0.5026538734925857,850,0.08588235294117647,36.30626723504124
82,65,5,0.4366801260275764,562,0.11565836298932385,36.61579180820754
83,22,256,0.635105089393958,168,0.13095238095238096,8.027688033332923
84,47,295,0.0851970128181814,353,0.13314447592067988,42.995740397545475
85,53,465,0.3073982472657207,125,0.424,36.70789289491681
86,25,409,0.2845974331159003,588,0.04251700680272109,17.885064172102496
87,19,63,0.9372023385650528,229,0.08296943231441048,1.1931555672639977
88,73,205,0.5539495144362311,905,0.08066298342541436,32.56168544615513
89,70,203,0.945550648493354,799,0.08760951188986232,3.8114546054652187
90,26,126,0.8290160310685398,523,0.0497131931166348,4.445583192217964
91,11,269,0.3222544865743305,176,0.0625,7.455200647682365
92,56,136,0.8925845100761857,677,0.0827178729689808,6.015267435733603
93,47,21,0.0473393186642041,923,0.050920910075839654,44.775052022782404
94,38,105,0.8347284172437205,399,0.09523809523809523,6.280320144738622
95,44,275,0.3565400710855675,729,0.06035665294924554,28.31223687223503
96,72,251,0.2741509243347381,849,0.08480565371024736,52.26113344789886
97,16,463,0.4569786145929374,420,0.0380952380952381,8.688342166513001
98,83,445,0.6111163453655221,242,0.34297520661157027,32.277343334661666
99,31,432,0.0397066434486408,955,0.032460732984293195,29.769094053092132
100,46,166,0.4783050861720201,741,0.0620782726045884,23.99796603608707
101,38,144,0.5763933228890122,441,0.08616780045351474,16.097053730217535
102,56,223,0.1289754822432175,790,0.07088607594936709,48.77737299437982
103,63,137,0.529346636650907,965,0.06528497409326425,29.65116189099286
104,94,484,0.2000458266767598,104,0.9038461538461539,75.19569229238458
105,98,200,0.4127420273618616,152,0.6447368421052632,57.55128131853756
106,39,206,0.8814981573860259,43,0.9069767441860465,4.62157186194499
107,66,425,0.7860274816581257,27,2.4444444444444446,14.1221862105637
108,68,132,0.8262723582359687,434,0.15668202764976957,11.81347963995413
109,42,477,0.77838846618716,195,0.2153846153846154,9.307684420139282
110,73,34,0.9562156717995456,306,0.238562091503268,3.1962559586331722
111,52,89,0.3582992243698305,544,0.09558823529411764,33.36844033276881
112,76,252,0.5918400672425387,851,0.08930669800235018,31.02015488956706
113,87,234,0.1959950198673914,287,0.30313588850174217,69.94843327153694
114,67,117,0.4028696794773077,756,0.08862433862433862,40.007731475020385
115,50,313,0.5661281919721441,477,0.10482180293501048,21.693590401392793
116,24,6,0.2721305845652919,389,0.061696658097686374,17.468865970432994
117,43,7,0.7612845966873374,272,0.15808823529411764,10.264762342444492
118,73,256,0.5805832300502699,162,0.4506172839506173,30.6174242063303
119,66,304,0.2848571735923616,880,0.075,47.199426542904135
120,14,135,0.5725369958144539,805,0.017391304347826087,5.984482058597645
121,84,133,0.8000112803852312,357,0.23529411764705882,16.79905244764058
122,67,66,0.9149883705458388,366,0.1830601092896175,5.695779173428799
123,87,362,0.9039362379744944,443,0.1963882618510158,8.357547296218987
124,31,54,0.3102392736127516,468,0.06623931623931624,21.3825825180047
125,53,38,0.8863124900991374,468,0.11324786324786325,6.0254380247457195
126,51,371,0.9664675805217297,742,0.06873315363881402,1.7101533933917876
127,65,176,0.3621996849581189,768,0.08463541666666667,41.457020477722274
128,47,396,0.4725036753464487,382,0.12303664921465969,24.792327258716913
129,28,88,0.4749899756396948,86,0.32558139534883723,14.700280682088545
130,76,463,0.4030585024211285,129,0.5891472868217055,45.367553815994235
131,80,320,0.7942722054426429,865,0.09248554913294797,16.45822356458857
132,89,167,0.9593621272252176,933,0.09539121114683816,3.616770676955631
133,18,451,0.6861540316943342,404,0.04455445544554455,5.649227429501984
134,59,7,0.4353223737193947,585,0.10085470085470086,33.31597995055571
135,28,1,0.648550561088813,92,0.30434782608695654,9.840584289513234
136,93,385,0.5791355152228337,66,1.4090909090909092,39.140397084276465
137,70,217,0.2113246598022795,807,0.08674101610904585,55.20727381384043
138,29,450,0.6666788579516653,927,0.03128371089536138,9.666313119401707
139,40,329,0.2985717828518245,711,0.05625879043600562,28.05712868592702
140,49,149,0.7775425802437109,265,0.18490566037735848,10.900413568058164
141,90,362,0.7504918079558435,124,0.7258064516129032,22.455737283974088
142,63,164,0.6801225596433179,86,0.7325581395348837,20.152278742470973
143,40,46,0.4799595313905191,254,0.15748031496062992,20.801618744379233
144,84,487,0.2588033237498695,507,0.16568047337278108,62.26052080501096
145,24,31,0.2085358040195772,955,0.025130890052356022,18.995140703530147
146,32,495,0.409557490020648,682,0.0469208211143695,18.894160319339264
147,86,180,0.1297563747638249,110,0.7818181818181819,74.84095177031107
148,80,217,0.963383807690308,729,0.10973936899862825,2.9292953847753633
149,38,154,0.6805051920041345,967,0.03929679420889348,12.140802703842889
150,89,366,0.0904391916777974,583,0.15265866209262435,80.95091194067604
151,27,238,0.1712862823272027,815,0.033128834355828224,22.375270377165528
152,58,113,0.1402887116885673,341,0.17008797653958943,49.8632547220631
153,37,281,0.2185696747301477,163,0.22699386503067484,28.912922034984533
154,30,48,0.0414644815030887,550,0.05454545454545454,28.75606555490734
155,61,364,0.5095969431775091,788,0.07741116751269035,29.914586466171944
156,36,62,0.8184545722254335,691,0.05209840810419682,6.535635399884394
157,20,289,0.6328384823787602,896,0.022321428571428572,7.343230352424797
158,95,397,0.5319916761732133,649,0.14637904468412943,44.460790763544736
159,70,316,0.0030737612687963,42,1.6666666666666667,69.78483671118425
160,68,382,0.5960751706060647,503,0.13518886679920478,27.466888398787596
161,51,430,0.8114515398424617,904,0.05641592920353982,9.615971468034456
162,16,19,0.2087424289187667,896,0.017857142857142856,12.660121137299733
163,12,271,0.6922212276537423,894,0.013422818791946308,3.6933452681550927
164,38,416,0.3180000149576307,458,0.08296943231441048,25.915999431610032
165,61,432,0.5144370796583942,585,0.10427350427350428,29.61933814083795
166,53,496,0.9531906283608113,137,0.38686131386861317,2.4808966968770036
167,56,185,0.8542645537067382,463,0.12095032397408208,8.161184992422664
168,24,301,0.0860504640656441,537,0.0446927374301676,21.93478886242454
169,48,387,0.8651539865724762,196,0.24489795918367346,6.4726086445211415
170,92,72,0.5154190849198782,678,0.13569321533923304,44.581444187371204
171,45,406,0.2989828711286368,113,0.39823008849557523,31.54577079921134
172,46,232,0.0588778607864863,104,0.4423076923076923,43.29161840382163
173,30,212,0.814082612821393,458,0.06550218340611354,5.577521615358209
174,89,197,0.9892196383643416,634,0.14037854889589904,0.9594521855736003
175,80,135,0.2290940175505543,958,0.08350730688935282,61.67247859595566
176,76,445,0.3706954681236791,873,0.08705612829324169,47.827144422600384
177,83,242,0.7927553680943373,95,0.8736842105263158,17.201304448170003
178,36,458,0.6921356457601064,23,1.565217391304348,11.083116752636169
179,49,338,0.8568629707742856,774,0.06330749354005168,7.013714432060004
180,36,356,0.1386355734946112,688,0.05232558139534884,31.009119354194
181,86,377,0.2331435391341658,236,0.3644067796610169,65.94965563446173
182,93,195,0.3448625004857633,566,0.16431095406360424,60.92778745482401
183,30,421,0.3308253058534336,219,0.136986301369863,20.075240824396992
184,59,104,0.352026773607715,314,0.18789808917197454,38.230420357144816
185,93,133,0.63641879453571,894,0.1040268456375839,33.813052108178965
186,14,209,0.1320172043495193,122,0.11475409836065574,12.15175913910673
187,93,436,0.1090557649387038,539,0.1725417439703154,82.85781386070055
188,52,65,0.4582074568223819,160,0.325,28.173212245236137
189,74,248,0.8355674238433566,771,0.0959792477302205,12.168010635591614
190,71,445,0.9003323292423869,96,0.7395833333333334,7.076404623790528
191,93,334,0.2800647591664125,119,0.7815126050420168,66.95397739752364
192,93,373,0.4845716930927882,617,0.1507293354943274,47.93483254237071
193,69,192,0.8251303482907174,40,1.725,12.066005967940498
194,49,304,0.4793896670042618,899,0.054505005561735265,25.509906316791174
195,10,364,0.1324939258426714,236,0.0423728813559322,8.675060741573287
196,59,278,0.5672553508422739,243,0.24279835390946503,25.531934300305842
197,65,430,0.4851139619549297,681,0.09544787077826726,33.467592472929574
198,86,242,0.6056862807857313,648,0.13271604938271606,33.91097985242711
199,29,93,0.7335396758590107,484,0.05991735537190083,7.7273494000886895
200,51,415,0.8446487521580028,370,0.13783783783783785,7.922913639941855
201,85,183,0.5407716899461249,15,5.666666666666667,39.03440635457938
202,65,23,0.1852753353381642,963,0.06749740394600208,52.95710320301933
203,17,131,0.5231546266030972,117,0.1452991452991453,8.106371347747348
204,27,233,0.7735053117296113,427,0.06323185011709602,6.1153565833004935
205,67,173,0.1478996284409276,750,0.08933333333333333,57.09072489445785
206,73,111,0.4441770136201148,633,0.11532385466034756,40.57507800573161
207,97,127,0.346377490676326,521,0.18618042226487524,63.401383404396384
208,62,150,0.6468227449718792,90,0.6888888888888889,21.89698981174349
209,54,302,0.4050344542387802,460,0.11739130434782609,32.12813947110587
210,76,71,0.7888673001129393,688,0.11046511627906977,16.046085191416616
211,66,359,0.605632580353847,419,0.1575178997613365,26.028249696646096
212,76,349,0.3561343741204676,715,0.1062937062937063,48.93378756684446
213,83,200,0.1282448125192893,804,0.10323383084577115,72.35568056089899
214,92,286,0.9477217134235586,619,0.14862681744749595,4.8096023650326085
215,63,292,0.012215555957068,265,0.23773584905660378,62.230419974704716
216,60,454,0.3789266856523011,445,0.1348314606741573,37.26439886086194
217,57,147,0.4254670745184478,23,2.4782608695652173,32.74837675244848
218,29,453,0.2690484214028937,825,0.03515151515151515,21.197595779316085
219,19,220,0.585913829965369,298,0.06375838926174497,7.867637230657989
220,46,421,0.0998598587340326,508,0.09055118110236221,41.4064464982345
221,31,137,0.6741678151987962,161,0.19254658385093168,10.100797728837318
222,35,450,0.1196603139712539,218,0.16055045871559634,30.811889011006116
223,86,372,0.068904275198743,608,0.14144736842105263,80.07423233290811
224,85,315,0.8223504708421321,360,0.2361111111111111,15.100209978418773
225,18,347,0.7852427377599823,892,0.020179372197309416,3.8656307203203184
226,67,105,0.4656056515874727,255,0.2627450980392157,35.804421343639326
227,60,159,0.8695198467404229,432,0.1388888888888889,7.828809195574625
228,42,247,0.994213177580384,998,0.04208416833667335,0.2430465416238734
229,86,310,0.1311356258437679,705,0.12198581560283688,74.72233617743596
230,12,379,0.35622422597391,368,0.03260869565217391,7.725309288313079
231,34,301,0.4229985307491961,184,0.18478260869565216,19.618049954527333
232,41,416,0.9682844343053716,684,0.059941520467836254,1.3003381934797649
233,18,432,0.0372534124178857,923,0.01950162513542795,17.329438576478058
234,26,342,0.6520441579160952,405,0.06419753086419754,9.046851894181525
235,57,435,0.130609616324953,779,0.07317073170731707,49.55525186947768
236,16,320,0.732616132495431,832,0.019230769230769232,4.278141880073104
237,52,267,0.1478175385932288,571,0.09106830122591944,44.3134879931521
238,23,89,0.8975703342133352,905,0.02541436464088398,2.35588231309329
239,58,384,0.627875670837693,757,0.07661822985468957,21.583211091413805
240,44,371,0.9713746942328444,756,0.0582010582010582,1.2595134537548467
241,15,29,0.2386381324135693,134,0.11194029850746269,11.42042801379646
242,52,120,0.6900252570727485,33,1.5757575757575757,16.118686632217077
243,18,366,0.2007630462760112,532,0.03383458646616541,14.3862651670318
244,75,81,0.7759637365075542,341,0.21994134897360704,16.80271976193343
245,52,213,0.2529628591445864,337,0.1543026706231454,38.845931324481505
246,36,245,0.7467547961387064,321,0.11214953271028037,9.11682733900657
247,42,34,0.3609129494228507,562,0.07473309608540925,26.84165612424027
248,54,206,0.3089350280982834,599,0.09015025041736227,37.317508482692695
249,39,33,0.5292334041794621,920,0.042391304347826085,18.35989723700098
250,36,414,0.6960559848317462,125,0.288,10.941984546057135
251,49,359,0.8735042663641379,251,0.1952191235059761,6.198290948157242
252,32,92,0.8393131844961244,174,0.1839080459770115,5.141978096124021
253,59,199,0.5210588214823838,893,0.06606942889137737,28.257529532539355
254,37,159,0.9778699232132972,277,0.13357400722021662,0.818812841108002
255,12,216,0.2945595679119792,159,0.07547169811320754,8.46528518505625
256,53,360,0.2172088773502916,191,0.2774869109947644,41.48792950043455
257,20,442,0.5585961410646694,562,0.03558718861209965,8.828077178706613
258,13,354,0.66053951620285,210,0.06190476190476191,4.41298628936295
259,67,447,0.5381596586452843,539,0.12430426716141002,30.943302870765955
260,73,61,0.6165752983873453,915,0.07978142076502732,27.990003217723796
261,47,130,0.5625397551526009,334,0.1407185628742515,20.560631507827758
262,86,201,0.4868151690667308,202,0.42574257425742573,44.13389546026115
263,70,165,0.6550910599823858,237,0.29535864978902954,24.143625801232993
264,83,246,0.2980601641362639,612,0.13562091503267973,58.2610063766901
265,24,496,0.8777477007560048,748,0.03208556149732621,2.934055181855884
266,73,124,0.1844177265682069,754,0.09681697612732096,59.537505960520896
267,87,14,0.913187421514486,274,0.3175182481751825,7.552694328239722
268,51,144,0.0596048053889103,347,0.14697406340057637,47.960154925165575
269,74,41,0.8381946072212473,851,0.08695652173913043,11.9735990656277
270,15,296,0.5539224452276629,418,0.03588516746411483,6.691163321585057
271,90,23,0.7681102206104599,186,0.4838709677419355,20.870080145058612
272,27,6,0.3930910636035842,614,0.043973941368078175,16.386541282703224
273,37,341,0.5270834947209205,66,0.5606060606060606,17.497910695325942
274,57,428,0.1589003858684579,483,0.11801242236024845,47.9426780054979
275,56,382,0.3184420093353748,601,0.09317803660565724,38.16724747721901
276,44,75,0.0291256909455734,537,0.08193668528864059,42.71846959839477
277,71,304,0.7733613774014315,580,0.12241379310344827,16.091342204498364
278,15,284,0.1554075582726889,909,0.0165016501650165,12.668886625909666
279,19,438,0.1422999065237251,110,0.17272727272727273,16.296301776049223
280,89,339,0.9643658327904644,585,0.15213675213675212,3.1714408816486688
281,79,188,0.8964819409119753,910,0.08681318681318681,8.177926667953951
282,36,6,0.4618959903761098,609,0.059113300492610835,19.371744346460048
283,77,408,0.4099723401541103,334,0.23053892215568864,45.4321298081335
284,95,103,0.3935387241495498,527,0.18026565464895636,57.61382120579277
285,28,467,0.7180496197820726,593,0.047217537942664416,7.894610646101967
286,75,78,0.5923718314143832,292,0.2568493150684932,30.57211264392126
287,55,210,0.3262645501553119,842,0.06532066508313539,37.05544974145785
288,93,369,0.1805534262400518,493,0.18864097363083165,76.20853135967519
289,20,135,0.8891177183568475,226,0.08849557522123894,2.21764563286305
290,20,423,0.5619997994421697,720,0.027777777777777776,8.760004011156607
291,53,96,0.5421361813357123,989,0.05358948432760364,24.26678238920725
292,15,367,0.3785048757903324,483,0.031055900621118012,9.322426863145013
293,15,125,0.6057121888999485,916,0.016375545851528384,5.914317166500773
294,60,87,0.2103807137732155,180,0.3333333333333333,47.377157173607074
295,79,1,0.160709493174969,40,1.975,66.30395003917745
296,54,341,0.3972831767136912,426,0.1267605633802817,32.546708457460674
297,15,192,0.1957085342561821,341,0.04398826979472141,12.06437198615727
298,68,356,0.8679966176117405,629,0.10810810810810811,8.976230002401644
299,70,159,0.7656021413420601,751,0.09320905459387484,16.407850106055797
300,96,461,0.5918751415326011,775,0.12387096774193548,39.17998641287029
301,13,114,0.2309259535121517,284,0.045774647887323945,9.997962604342028
302,90,45,0.2966320741194971,988,0.09109311740890688,63.303113329245264
303,22,402,0.8428444867787983,85,0.25882352941176473,3.4574212908664372
304,95,92,0.1143226216017526,448,0.21205357142857142,84.1393509478335
305,27,372,0.5875600627754338,121,0.2231404958677686,11.135878305063287
306,84,182,0.3147540561295257,627,0.1339712918660287,57.56065928511984
307,97,356,0.4211749135134447,620,0.15645161290322582,56.146033389195864
308,36,476,0.1889912531516631,924,0.03896103896103896,29.19631488654013
309,32,488,0.3408798731527461,640,0.05,21.091844059112127
310,85,418,0.0657691019710664,471,0.18046709129511676,79.40962633245935
311,26,130,0.6224525020189096,496,0.05241935483870968,9.816234947508352
312,19,92,0.5449026854362937,334,0.05688622754491018,8.64684897671042
313,47,22,0.6643974054070105,601,0.07820299500831947,15.773321945870505
314,47,300,0.0589168496122751,913,0.05147864184008762,44.23090806822307
315,58,100,0.514126845607252,620,0.0935483870967742,28.180642954779387
316,10,222,0.3727795952604306,115,0.08695652173913043,6.272204047395694
317,34,291,0.5000632313351668,545,0.062385321100917435,16.997850134604327
318,85,487,0.0094289107649909,887,0.09582863585118377,84.19854258497578
319,74,116,0.2802982716772469,857,0.08634772462077013,53.25792789588373
320,87,432,0.4361015850319261,424,0.20518867924528303,49.05916210222243
321,36,27,0.1447178304047773,310,0.11612903225806452,30.79015810542802
322,37,60,0.1589707654489587,847,0.043683589138134596,31.118081678388528
323,83,344,0.3692224725566148,164,0.5060975609756098,52.35453477780097
324,55,249,0.5412732134297088,934,0.058886509635974305,25.229973261366016
325,96,33,0.1569369137348825,411,0.23357664233576642,80.93405628145128
326,72,130,0.5989391225382613,36,2.0,28.876383177245184
327,17,147,0.5569111484424535,351,0.04843304843304843,7.532510476478291
328,13,223,0.2172058280002832,543,0.02394106813996317,10.176324235996319
329,51,401,0.740543456722817,150,0.34,13.232283707136334
330,90,27,0.9356275935372012,321,0.2803738317757009,5.793516581651897
331,70,287,0.3789851514063104,997,0.07021063189568706,43.47103940155827
332,56,192,0.0834797737096454,802,0.06982543640897755,51.325132672259855
333,92,289,0.0757877944085301,225,0.4088888888888889,85.02752291441523
334,19,76,0.8801087418162621,612,0.03104575163398693,2.2779339054910204
335,15,111,0.5263554882478972,579,0.025906735751295335,7.104667676281541
336,35,375,0.1273389280199347,275,0.12727272727272726,30.543137519302284
337,45,15,0.0960291156950466,82,0.5487804878048781,40.6786897937229
338,68,357,0.1337685397305125,400,0.17,58.90373929832515
339,67,426,0.929328977715214,672,0.09970238095238096,4.734958493080658
340,65,124,0.6368024919305838,912,0.0712719298245614,23.607838024512052
341,46,38,0.2151419506866952,574,0.08013937282229965,36.103470268412025
342,36,225,0.9128406824106838,924,0.03896103896103896,3.137735433215382
343,62,200,0.1567845952230231,400,0.155,52.279355096172566
344,43,258,0.4857620959949905,917,0.04689203925845147,22.112229872215412
345,18,114,0.458352619239981,973,0.018499486125385406,9.749652853680344
346,92,210,0.1385783837435512,350,0.26285714285714284,79.25078869559329
347,93,487,0.9929335459320708,774,0.12015503875968993,0.6571802283174121
348,45,203,0.0384019550765922,578,0.07785467128027682,43.271912021553355
349,39,400,0.5505781796052144,287,0.13588850174216027,17.527450995396638
350,61,403,0.6574112665415094,351,0.1737891737891738,20.89791274096793
351,49,184,0.4810484369576853,546,0.08974358974358974,25.42862658907342
352,46,177,0.5608780479044176,63,0.7301587301587301,20.19960979639679
353,32,419,0.9544203355304944,930,0.034408602150537634,1.458549263024178
354,46,33,0.8510687305707082,125,0.368,6.850838393747423
355,56,422,0.5258632678518742,388,0.14432989690721648,26.551657000295044
356,48,138,0.3953604903151497,352,0.13636363636363635,29.022696464872812
357,88,11,0.9229101864459518,158,0.5569620253164557,6.783903592756242
358,37,485,0.1290992180616487,691,0.053545586107091175,32.223328931718996
359,73,12,0.7915376015569333,373,0.19571045576407506,15.217755086343868
360,91,288,0.4396890057964248,422,0.2156398104265403,50.988300472525346
361,90,295,0.1489382203074356,122,0.7377049180327869,76.59556017233079
362,63,113,0.2428195421758517,171,0.3684210526315789,47.702368842921345
363,97,224,0.4310028478026605,943,0.10286320254506894,55.19272376314193
364,19,144,0.0752143457077468,62,0.3064516129032258,17.57092743155281
365,86,218,0.620652670594861,610,0.14098360655737704,32.62387032884196
366,71,26,0.9627206549421832,726,0.09779614325068871,2.6468334991049947
367,92,216,0.0402997734623414,123,0.7479674796747967,88.29242084146459
368,47,312,0.9278404039676712,881,0.053348467650397274,3.3915010135194534
369,40,491,0.1007442648181443,820,0.04878048780487805,35.97022940727423
370,46,44,0.4567725802516055,724,0.06353591160220995,24.988461308426146
371,85,69,0.0665517969029727,975,0.08717948717948718,79.34309726324732
372,55,190,0.1552046588394733,605,0.09090909090909091,46.463743763828965
373,82,470,0.3317740894959257,112,0.7321428571428571,54.794524661334094
374,95,370,0.2443454631892843,733,0.1296043656207367,71.787180997018
375,38,83,0.6185541306226072,752,0.05053191489361702,14.494943036340926
376,87,303,0.8839670351535401,792,0.10984848484848485,10.094867941642008
377,18,465,0.5160635074068941,795,0.022641509433962263,8.710856866675906
378,32,450,0.7234645374830246,741,0.043184885290148446,8.849134800543212
379,80,44,0.2080701842224589,396,0.20202020202020202,63.35438526220329
380,77,359,0.1952013091885447,50,1.54,61.969499192482054
381,89,441,0.2900310738409224,869,0.10241657077100115,63.18723442815791
382,42,110,0.9138519297430654,891,0.04713804713804714,3.6182189507912534
383,70,426,0.8489566086562649,403,0.17369727047146402,10.573037394061458
384,89,494,0.5146046647547386,398,0.2236180904522613,43.20018483682826
385,58,287,0.5559622782786164,314,0.18471337579617833,25.754187859840247
386,54,92,0.7869751166393099,397,0.13602015113350127,11.503343701477268
387,82,73,0.7305757550640257,538,0.1524163568773234,22.09278808474989
388,55,79,0.8573761098757693,70,0.7857142857142857,7.844313956832689
389,43,258,0.0027769867577804,330,0.1303030303030303,42.88058956941544
390,17,76,0.3507026792521631,538,0.031598513011152414,11.03805445271323
391,31,384,0.8400369588523025,424,0.07311320754716981,4.958854275578624
392,93,313,0.3932873878644818,992,0.09375,56.424272928603195
393,93,365,0.1140643554643782,282,0.32978723404255317,82.39201494181283
394,82,443,0.9974604886912866,690,0.11884057971014493,0.20823992731450192
395,38,488,0.0256448167618993,472,0.08050847457627118,37.02549696304783
396,86,73,0.1616984973527809,543,0.15837937384898712,72.09392922766085
397,14,336,0.1556966164278599,334,0.041916167664670656,11.82024737000996
398,28,282,0.1994884999309513,171,0.16374269005847952,22.414322001933364
399,19,311,0.7327395062927728,575,0.03304347826086956,5.077949380437316
400,69,463,0.6085099123742187,663,0.10407239819004525,27.01281604617891
401,85,159,0.5625045285848568,294,0.2891156462585034,37.18711507028718
402,81,277,0.4443386720241947,264,0.3068181818181818,45.008567566040234
403,78,44,0.9568569541604725,501,0.15568862275449102,3.365157575483149
404,49,34,0.2300619224893555,998,0.04909819639278557,37.72696579802158
405,82,90,0.4968439666668622,357,0.22969187675070027,41.258794733317295
406,87,152,0.7094966282601615,908,0.09581497797356828,25.273793341365952
407,61,384,0.1035067559966838,828,0.07367149758454106,54.68608788420229
408,62,378,0.1309572385953865,416,0.14903846153846154,53.88065120708603
409,61,467,0.6990122159164579,821,0.07429963459196103,18.360254829096068
410,54,489,0.1186744306630659,523,0.10325047801147227,47.59158074419444
411,35,201,0.8738912410119196,538,0.06505576208178439,4.4138065645828135
412,68,257,0.4478614494066339,545,0.12477064220183487,37.54542144034889
413,70,365,0.752747952960008,886,0.07900677200902935,17.307643292799444
414,57,480,0.1775980200491032,166,0.3433734939759036,46.87691285720112
415,55,134,0.3622596727322879,904,0.06084070796460177,35.07571799972417
416,20,265,0.967463439704471,21,0.9523809523809523,0.6507312059105796
417,28,83,0.5385895174198567,232,0.1206896551724138,12.919493512244012
418,12,266,0.906427037502236,700,0.017142857142857144,1.1228755499731684
419,10,167,0.5556729850929494,304,0.03289473684210526,4.443270149070506
420,68,456,0.339703130393002,111,0.6126126126126126,44.900187133275864
421,10,266,0.3109457406410838,162,0.06172839506172839,6.890542593589162
422,54,126,0.5676453461701373,644,0.08385093167701864,23.347151306812588
423,93,24,0.9449022064920828,920,0.10108695652173913,5.124094796236301
424,25,466,0.9063058419162262,182,0.13736263736263737,2.342353952094345
425,48,94,0.7853035726843076,141,0.3404255319148936,10.305428511153234
426,71,475,0.1993761458339801,558,0.12724014336917563,56.84429364578741
427,54,393,0.9397536692160696,709,0.076163610719323,3.2533018623322407
428,58,199,0.8166463826965856,751,0.07723035952063914,10.634509803598034
429,71,163,0.9458943509790328,797,0.0890840652446675,3.841501080488668
430,56,89,0.0386014347238604,410,0.13658536585365855,53.83831965546382
431,50,288,0.3307711862224929,617,0.08103727714748785,33.461440688875356
432,73,454,0.8939158443030206,180,0.40555555555555556,7.744143365879495
433,65,246,0.6386479157902466,433,0.15011547344110854,23.48788547363397
434,94,389,0.038323083228851,495,0.1898989898989899,90.39763017648801
435,41,348,0.6167119490566337,607,0.06754530477759473,15.714810088678018
436,55,322,0.7528639285749059,200,0.275,13.592483928380174
437,19,189,0.3630161070690555,292,0.06506849315068493,12.102693965687946
438,99,399,0.1652415704493236,370,0.26756756756756755,82.64108452551696
439,25,468,0.5561478813004648,618,0.040453074433656956,11.09630296748838
440,25,130,0.7388925089747685,356,0.0702247191011236,6.527687275630786
441,96,393,0.0565565293701817,991,0.09687184661957618,90.57057318046256
442,12,266,0.8932916748833304,887,0.013528748590755355,1.2804999014000353
443,21,474,0.5362323676908143,605,0.03471074380165289,9.7391202784929
444,64,294,0.3571622620878051,21,3.0476190476190474,41.14161522638047
445,56,273,0.7882090792127973,48,1.1666666666666667,11.860291564083354
446,81,217,0.5255512205247758,802,0.10099750623441396,38.43035113749316
447,74,382,0.1753233118878536,678,0.10914454277286136,61.02607492029883
448,14,101,0.4545484227858829,649,0.02157164869029276,7.636322080997639
449,44,353,0.8503814141199221,660,0.06666666666666667,6.583217778723428
450,66,342,0.8822984366470541,104,0.6346153846153846,7.76830318129443
451,56,335,0.1408653964598288,669,0.08370702541106129,48.111537798249586
452,53,202,0.3417110232089574,272,0.1948529411764706,34.889315769925254
453,80,402,0.7283829277748785,111,0.7207207207207207,21.729365778009722
454,18,422,0.7962789988919036,539,0.03339517625231911,3.666978019945736
455,74,170,0.3834956008241702,307,0.24104234527687296,45.6213255390114
456,93,258,0.9301910795732214,952,0.0976890756302521,6.492229599690406
457,80,282,0.2542873900242021,353,0.22662889518413598,59.657008798063835
458,96,84,0.4249542295391884,21,4.571428571428571,55.204393964237916
459,28,18,0.1621074399674155,593,0.047217537942664416,23.460991680912365
460,62,138,0.1198213155683722,171,0.36257309941520466,54.57107843476093
461,96,293,0.8238891008665841,135,0.7111111111111111,16.90664631680793
462,98,37,0.4172474679318142,365,0.2684931506849315,57.10974814268221
463,25,361,0.2060860669488387,189,0.13227513227513227,19.84784832627903
464,87,30,0.6804881946600777,761,0.11432325886990802,27.797527064573238
465,48,425,0.9977103447707616,420,0.11428571428571428,0.10990345100344356
466,98,115,0.4729775346439523,188,0.5212765957446809,51.64820160489268
467,99,41,0.6764565510028391,472,0.2097457627118644,32.03080145071893
468,95,401,0.1208520383855326,127,0.7480314960629921,83.51905635337441
469,74,342,0.3786428385675763,907,0.08158765159867695,45.980429945999354
470,84,370,0.3429342321652336,66,1.2727272727272727,55.19352449812038
471,77,313,0.7325735371920149,144,0.5347222222222222,20.59183763621485
472,43,137,0.3753363734643309,326,0.13190184049079753,26.86053594103377
473,47,199,0.4740821997282731,356,0.13202247191011235,24.71813661277116
474,29,274,0.741860007915207,196,0.14795918367346939,7.486059770458997
475,87,188,0.2897372901417476,576,0.15104166666666666,61.79285575766795
476,85,114,0.5141940652445377,166,0.5120481927710844,41.29350445421429
477,15,214,0.3244643505920783,276,0.05434782608695652,10.133034741118825
478,94,436,0.7911910975886257,349,0.2693409742120344,19.628036826669184
479,51,439,0.8344840534777453,515,0.09902912621359224,8.441313272634988
480,16,91,0.522321029057544,447,0.035794183445190156,7.642863535079297
481,96,101,0.936779428299341,47,2.0425531914893615,6.069174883263262
482,34,385,0.2467464065706778,225,0.1511111111111111,25.610622176596955
483,11,388,0.804004984940522,231,0.047619047619047616,2.1559451656542583
484,58,492,0.1955097273496268,176,0.32954545454545453,46.66043581372165
485,11,17,0.8033286208912882,433,0.025404157043879907,2.1633851701958298
486,80,95,0.7368703782221374,117,0.6837606837606838,21.05036974222901
487,72,341,0.5939513997100527,128,0.5625,29.235499220876203
488,83,228,0.1231677379061851,241,0.34439834024896265,72.77707775378664
489,30,443,0.1566472635428275,705,0.0425531914893617,25.300582093715175
490,92,175,0.9349007970169764,397,0.23173803526448364,5.9891266744381735
491,89,212,0.6059817616257777,794,0.11209068010075567,35.06762321530579
492,89,323,0.7516184194909956,59,1.5084745762711864,22.10596066530139
493,85,232,0.0739223024007896,331,0.256797583081571,78.71660429593288
494,82,486,0.2411630018394928,744,0.11021505376344086,62.22463384916159
495,71,68,0.7545366219588526,769,0.09232769830949285,17.427899840921462
496,63,147,0.1058381973762579,813,0.07749077490774908,56.33219356529575
497,51,152,0.299249790998185,251,0.20318725099601595,35.73826065909256
498,51,165,0.1610636939098098,55,0.9272727272727272,42.785751610599704
499,32,208,0.3465705558507319,451,0.07095343680709534,20.909742212776578
500,37,123,0.613859199230203,584,0.06335616438356165,14.287209628482488
501,31,159,0.0642408172595675,824,0.03762135922330097,29.008534664953405
502,12,142,0.4679707842658963,853,0.01406799531066823,6.384350588809245
503,96,130,0.4276817358276946,646,0.14860681114551083,54.942553360541325
504,80,461,0.5200549725711505,795,0.10062893081761007,38.395602194307955
505,13,395,0.3829397642829574,551,0.023593466424682397,8.021783064321554
506,53,25,0.2803107365719653,99,0.5353535353535354,38.14353096168584
507,10,5,0.3838055558896823,910,0.01098901098901099,6.161944441103177
508,95,257,0.0864514052510209,703,0.13513513513513514,86.78711650115301
509,77,81,0.3813653321623818,175,0.44,47.6348694234966
510,68,182,0.9340517886065052,123,0.5528455284552846,4.484478374757648
511,27,101,0.2211783128766533,405,0.06666666666666667,21.02818555233036
512,55,283,0.986088304718308,694,0.0792507204610951,0.7651432404930603
513,26,307,0.9818868926912548,709,0.036671368124118475,0.4709407900273741
514,96,124,0.8698295614365935,406,0.23645320197044334,12.496362102087023
515,51,394,0.0473218372596814,939,0.054313099041533544,48.58658629975625
516,85,201,0.4411163743180495,946,0.08985200845665962,47.50510818296579
517,25,478,0.8154286166512787,618,0.040453074433656956,4.614284583718032
518,64,40,0.9073794621660556,445,0.14382022471910114,5.927714421372443
519,85,53,0.3442955663563378,711,0.11954992967651196,55.734876859711285
520,62,164,0.6522317093958673,334,0.18562874251497005,21.561634017456228
521,53,272,0.6066444275320882,244,0.21721311475409835,20.847845340799324
522,71,459,0.9905222241286816,427,0.16627634660421545,0.6729220868636044
523,36,445,0.4651213010418757,89,0.4044943820224719,19.255633162492472
524,84,325,0.3810620342003186,192,0.4375,51.99078912717324
525,43,463,0.3939204367422317,517,0.08317214700193423,26.061421220084036
526,98,440,0.5576430447614203,216,0.4537037037037037,43.3509816133808
527,24,109,0.3859803907358362,835,0.02874251497005988,14.736470622339933
528,49,470,0.9581034955785324,445,0.1101123595505618,2.0529287166519143
529,10,192,0.7761211795310271,483,0.020703933747412008,2.2387882046897287
530,90,102,0.1499369445434244,792,0.11363636363636363,76.5056749910918
531,46,205,0.1978702861758552,632,0.07278481012658228,36.89796683591066
532,72,33,0.8681382666703094,535,0.13457943925233645,9.494044799737726
533,55,144,0.0115167811220122,563,0.09769094138543517,54.36657703828933
534,88,198,0.9754932689982792,613,0.14355628058727568,2.1565923281514348
535,92,339,0.5154993829431125,971,0.09474768280123584,44.57405676923365
536,56,85,0.6392279228635418,100,0.56,20.20323631964166
537,67,381,0.1691741990473556,679,0.09867452135493372,55.665328663827175
538,81,274,0.0398453624882912,579,0.13989637305699482,77.77252563844841
539,75,470,0.0505980255259156,518,0.14478764478764478,71.20514808555633
540,91,48,0.7037087642080744,614,0.1482084690553746,26.96250245706523
541,62,148,0.7062828801270327,957,0.06478578892371996,18.210461432123974
542,57,239,0.2897006834697242,705,0.08085106382978724,40.48706104222572
543,47,116,0.5758334534979886,225,0.2088888888888889,19.935827685594532
544,82,151,0.4143043993639299,478,0.17154811715481172,48.02703925215775
545,77,108,0.6073817704289499,74,1.0405405405405406,30.231603676970856
546,48,433,0.075812435418242,790,0.060759493670886074,44.36100309992438
547,31,97,0.8444481187412574,478,0.06485355648535565,4.822108319021022
548,24,63,0.5459178741338181,497,0.0482897384305835,10.897971020788365
549,51,356,0.6177897628020633,379,0.1345646437994723,19.49272209709477
550,41,2,0.1557682406879889,368,0.11141304347826086,34.61350213179246
551,97,290,0.7460745574429423,564,0.17198581560283688,24.6307679280346
552,46,375,0.7698446379097227,174,0.26436781609195403,10.587146656152756
553,83,438,0.934885315073948,329,0.25227963525835867,5.404518848862315
554,55,442,0.9096429437637504,588,0.0935374149659864,4.969638092993726
555,71,221,0.7357774272366142,89,0.797752808988764,18.75980266620039
556,86,48,0.4606167606851011,334,0.25748502994011974,46.38695858108131
557,35,78,0.2073486406934785,620,0.056451612903225805,27.742797575728254
558,86,279,0.7836004658064377,553,0.15551537070524413,18.610359940646354
559,76,399,0.5405089331778202,301,0.25249169435215946,34.92132107848566
560,12,121,0.9759943875793886,397,0.030226700251889168,0.28806734904733666
561,66,306,0.2616681620097155,130,0.5076923076923077,48.72990130735878
562,89,487,0.3166982021092976,237,0.3755274261603376,60.81386001227251
563,82,108,0.9438640549763624,339,0.24188790560471976,4.603147491938284
564,18,397,0.5179134208653156,443,0.040632054176072234,8.67755842442432
565,20,70,0.7948921064860798,477,0.041928721174004195,4.102157870278404
566,29,485,0.3401266621768742,696,0.041666666666666664,19.136326796870648
567,19,487,0.4233997657835266,622,0.03054662379421222,10.955404450112994
568,21,415,0.9653761617909912,310,0.06774193548387097,0.7271006023891854
569,25,108,0.2418324034334289,497,0.05030181086519115,18.954189914164278
570,70,24,0.8182870234374224,556,0.12589928057553956,12.71990835938043
571,47,204,0.2103043837382121,434,0.10829493087557604,37.11569396430403
572,74,45,0.7013279979474499,448,0.16517857142857142,22.101728151888704
573,42,120,0.5505245906484381,865,0.048554913294797684,18.877967192765603
574,53,255,0.6436575785222446,532,0.09962406015037593,18.886148338321036
575,84,186,0.567005268915594,288,0.2916666666666667,36.3715574110901
576,43,31,0.6229437186751786,118,0.3644067796610169,16.21342009696732
577,22,94,0.0654017459706997,861,0.025551684088269456,20.561161588644605
578,18,190,0.3085003421294459,762,0.023622047244094488,12.446993841669974
579,65,469,0.7842417130008845,848,0.07665094339622641,14.024288654942506
580,60,290,0.263708542138075,379,0.158311345646438,44.1774874717155
581,92,184,0.8702561469633906,398,0.23115577889447236,11.936434479368065
582,48,446,0.8253130324908383,260,0.18461538461538463,8.38497444043976
583,64,26,0.1551921668685351,970,0.06597938144329897,54.067701320413754
584,83,291,0.1661503276295153,431,0.1925754060324826,69.20952280675023
585,19,71,0.6811054871268527,802,0.02369077306733167,6.058995744589799
586,53,97,0.6971372426143946,74,0.7162162162162162,16.051726141437086
587,25,444,0.2875621711507992,948,0.026371308016877638,17.81094572123002
588,30,115,0.1996513308382496,829,0.03618817852834741,24.010460074852514
589,58,17,0.4838136336492356,436,0.13302752293577982,29.938809248344338
590,90,75,0.2027237242760485,448,0.20089285714285715,71.75486481515564
591,50,199,0.0236398982382501,90,0.5555555555555556,48.818005088087496
592,55,61,0.6061829636346836,784,0.07015306122448979,21.659937000092402
593,76,67,0.3070676922730128,819,0.0927960927960928,52.66285538725103
594,84,453,0.4207782166474749,932,0.09012875536480687,48.6546298016121
595,24,187,0.5688359758743478,940,0.02553191489361702,10.347936579015654
596,59,280,0.0301739350727906,941,0.06269925611052073,57.21973783070535
597,79,495,0.5354237740475274,779,0.10141206675224647,36.701521850245335
598,94,447,0.3028812920426914,581,0.16179001721170397,65.52915854798701
599,77,474,0.2370448286842512,728,0.10576923076923077,58.74754819131265
600,48,309,0.9395728021159236,628,0.07643312101910828,2.900505498435665
601,87,421,0.4698157120294749,347,0.2507204610951009,46.126033053435684
602,70,102,0.2723714448636501,813,0.08610086100861009,50.933998859544495
603,56,446,0.414498193125788,821,0.0682095006090134,32.78810118495587
604,97,54,0.967169291390349,814,0.11916461916461916,3.1845787351361454
605,89,60,0.976285757919222,683,0.13030746705710103,2.1105675451892414
606,27,230,0.6109745438253461,172,0.1569767441860465,10.503687316715656
607,14,203,0.54343774176583,554,0.02527075812274368,6.391871615278379
608,40,8,0.1697025681175198,937,0.042689434364994665,33.21189727529921
609,77,343,0.0234215733953473,928,0.08297413793103449,75.19653884855825
610,54,230,0.1653938378654802,66,0.8181818181818182,45.068732755264065
611,55,10,0.4873885437515153,843,0.06524317912218268,28.19363009366666
612,18,386,0.3461269487705578,860,0.020930232558139535,11.769714922129959
613,83,42,0.1552840209234314,460,0.18043478260869567,70.1114262633552
614,11,360,0.9753558051908148,327,0.03363914373088685,0.2710861429010375
615,98,479,0.3829428712016223,85,1.1529411764705881,60.47159862224102
616,54,118,0.5065052255791814,234,0.23076923076923078,26.648717818724204
617,27,243,0.2152773625198878,213,0.1267605633802817,21.187511211963027
618,92,428,0.7409339272449512,532,0.17293233082706766,23.834078693464487
619,74,499,0.7650194495376766,631,0.11727416798732171,17.38856073421193
620,46,342,0.0313591317647307,490,0.09387755102040816,44.55747993882239
621,45,167,0.4464863273391622,35,1.2857142857142858,24.908115269737703
622,72,31,0.8127337437299318,332,0.21686746987951808,13.483170451444911
623,56,172,0.3716095883117194,787,0.07115628970775095,35.189863054543714
624,62,161,0.0188204867290316,495,0.12525252525252525,60.83312982280004
625,80,26,0.6873068073075067,568,0.14084507042253522,25.015455415399465
626,53,396,0.2547996928482592,572,0.09265734265734266,39.49561627904226
627,46,148,0.4541388674639522,831,0.05535499398315283,25.1096120966582
628,34,483,0.9340377250180492,98,0.3469387755102041,2.2427173493863286
629,34,94,0.7966765831486964,781,0.04353393085787452,6.9129961729443234
630,38,205,0.1684613546075739,448,0.08482142857142858,31.59846852491219
631,55,70,0.451239390304136,224,0.24553571428571427,30.181833533272517
632,93,254,0.1162557126424808,658,0.1413373860182371,82.18821872424928
633,15,254,0.0060950442663741,546,0.027472527472527472,14.908574336004389
634,18,104,0.9545745753108024,10,1.8,0.8176576444055574
635,89,221,0.0858498660201153,167,0.5329341317365269,81.35936192420975
636,53,137,0.494221037594832,189,0.2804232804232804,26.806285007473907
637,56,165,0.1196424282313667,659,0.08497723823975721,49.30002401904346
638,62,22,0.9425732491480986,202,0.3069306930693069,3.560458552817887
639,38,44,0.1633432403569693,406,0.09359605911330049,31.79295686643517
640,39,278,0.9302383213989406,339,0.11504424778761062,2.720705465441317
641,46,318,0.7122858383210854,135,0.34074074074074073,13.234851437230072
642,77,277,0.7950659504216425,981,0.07849133537206932,15.779921817533525
643,28,344,0.604077845483252,892,0.03139013452914798,11.085820326468943
644,91,218,0.1773776717698229,651,0.13978494623655913,74.85863186894612
645,94,100,0.1692051002810485,497,0.1891348088531187,78.09472057358144
646,67,491,0.8575915171514503,205,0.32682926829268294,9.541368350852828
647,68,348,0.1012049051583303,437,0.15560640732265446,61.11806644923354
648,73,69,0.4469675776629089,836,0.08732057416267942,40.37136683060765
649,38,114,0.5559414073445926,793,0.04791929382093316,16.87422652090548
650,67,105,0.1374312866973782,140,0.4785714285714286,57.792103791275665
651,26,17,0.2932384680718928,936,0.027777777777777776,18.375799830130788
652,54,328,0.8724319285854072,704,0.07670454545454546,6.888675856388012
653,84,475,0.84808146907903,625,0.1344,12.761156597361477
654,43,99,0.6137043649235053,478,0.0899581589958159,16.61071230828927
655,92,208,0.7997790289686806,626,0.14696485623003194,18.420329334881387
656,56,458,0.8504684657633722,590,0.09491525423728814,8.373765917251156
657,82,283,0.1474764722510436,404,0.20297029702970298,69.90692927541443
658,60,113,0.8202722972495688,992,0.06048387096774194,10.78366216502587
659,23,367,0.4276299251603694,938,0.024520255863539446,13.164511721311502
660,39,123,0.5322931797170911,73,0.5342465753424658,18.240565991033446
661,54,259,0.4716167085746638,313,0.17252396166134185,28.532697736968153
662,84,48,0.2882926160248403,246,0.34146341463414637,59.78342025391342
663,66,163,0.5625440544646622,389,0.16966580976863754,28.872092405332296
664,11,374,0.7691501762496608,757,0.01453104359313078,2.539348061253732
665,54,465,0.91599251546518,248,0.21774193548387097,4.536404164880279
666,93,325,0.5776723641607587,884,0.10520361990950226,39.276470133049436
667,82,288,0.1291906158399155,150,0.5466666666666666,71.40636950112693
668,68,358,0.5552809747728136,50,1.36,30.240893715448678
669,56,426,0.2272641662602674,949,0.059009483667017915,43.273206689425024
670,74,148,0.0795773218099472,447,0.16554809843400448,68.11127818606391
671,94,52,0.7683382686612718,852,0.11032863849765258,21.776202745840454
672,87,88,0.1936860843317029,483,0.18012422360248448,70.14931066314185
673,46,189,0.8869569670594526,71,0.647887323943662,5.199979515265181
674,35,64,0.2030719193013022,630,0.05555555555555555,27.892482824454422
675,22,236,0.7297768316732383,863,0.02549246813441483,5.944909703188758
676,22,215,0.7478256945033397,505,0.04356435643564356,5.547834720926527
677,30,442,0.7186861240297768,235,0.1276595744680851,8.439416279106695
678,86,144,0.610759398329566,156,0.5512820512820513,33.47469174365732
679,49,149,0.646253555921856,14,3.5,17.333575759829056
680,54,495,0.4731830195757036,180,0.3,28.448116942912005
681,62,46,0.8412422834812857,918,0.06753812636165578,9.842978424160286
682,81,107,0.1939563675183383,218,0.37155963302752293,65.2895342310146
683,22,387,0.8972249357055436,418,0.05263157894736842,2.2610514144780405
684,53,186,0.4235961182295229,884,0.05995475113122172,30.549405733835286
685,51,360,0.0076479068183293,175,0.2914285714285714,50.609956752265205
686,59,389,0.9834440660145763,346,0.17052023121387283,0.9768001051399956
687,98,293,0.6097574080153105,336,0.2916666666666667,38.243774014499564
688,93,232,0.0019303348803247,749,0.12416555407209613,92.82047885612981
689,51,416,0.2358639168014015,856,0.05957943925233645,38.970940243128524
690,35,192,0.8247545007432561,939,0.03727369542066028,6.133592473986037
691,83,243,0.6754283519701981,118,0.7033898305084746,26.939446786473557
692,84,285,0.206457852221077,893,0.0940649496080627,66.65754041342954
693,26,3,0.8188854106620274,235,0.11063829787234042,4.708979322787289
694,25,121,0.5785478435763388,720,0.034722222222222224,10.53630391059153
695,91,103,0.5998535547514335,733,0.12414733969986358,36.413326517619545
696,62,454,0.2554378460503825,191,0.32460732984293195,46.162853544876285
697,77,107,0.616132333075152,153,0.5032679738562091,29.557810353213295
698,23,270,0.7029578963669052,882,0.026077097505668934,6.831968383561181
699,56,199,0.9448636816520352,402,0.13930348258706468,3.087633827486031
700,93,448,0.7414890242551535,272,0.34191176470588236,24.041520744270723
701,16,105,0.0833149746585578,641,0.0249609984399376,14.666960405463076
702,18,126,0.6867686987290789,484,0.0371900826446281,5.6381634228765805
703,88,292,0.6313778000520283,409,0.21515892420537897,32.43875359542152
704,44,410,0.1430302800218479,843,0.05219454329774614,37.70666767903869
705,33,71,0.2647647371717888,348,0.09482758620689655,24.262763673330973
706,84,273,0.7994449110236737,429,0.1958041958041958,16.846627474011413
707,70,163,0.3712755512726343,513,0.1364522417153996,44.010711410915604
708,78,260,0.0399219348402088,894,0.087248322147651,74.88608908246371
709,42,30,0.1042415536158984,839,0.050059594755661505,37.62185474813227
710,39,192,0.2843837827442748,207,0.18840579710144928,27.909032472973283
711,31,398,0.1280605147653688,787,0.03939008894536213,27.030124042273567
712,40,442,0.0285324535377338,170,0.23529411764705882,38.85870185849065
713,11,76,0.0620604558824356,566,0.019434628975265017,10.317334985293208
714,52,56,0.3522233235110537,769,0.06762028608582575,33.68438717742521
715,38,222,0.534996907069344,202,0.18811881188118812,17.670117531364927
716,85,189,0.5069575425008617,263,0.3231939163498099,41.90860888742676
717,16,449,0.876084720474995,526,0.030418250950570342,1.9826444724000805
718,69,495,0.0466041400265074,922,0.07483731019522777,65.78431433817099
719,27,147,0.3258755850364038,129,0.20930232558139536,18.2013592040171
720,41,316,0.653779501968155,900,0.04555555555555556,14.195040419305643
721,84,349,0.9478022962662492,609,0.13793103448275862,4.384607113635065
722,87,407,0.5124218149744797,83,1.0481927710843373,42.41930209722027
723,92,33,0.9943408794760024,415,0.2216867469879518,0.5206390882077829
724,22,164,0.679941615470169,547,0.04021937842778794,7.041284459656283
725,25,428,0.946138471239255,295,0.0847457627118644,1.3465382190186252
726,93,185,0.9057790378914892,381,0.2440944881889764,8.762549476091507
727,32,66,0.2307452624781715,514,0.0622568093385214,24.61615160069851
728,13,493,0.7666505415477284,768,0.016927083333333332,3.033542959879531
729,51,2,0.0993309505078843,942,0.054140127388535034,45.9341215240979
730,97,198,0.1824660370840733,20,4.85,79.30079440284489
731,59,151,0.7460004315924145,638,0.09247648902821316,14.985974536047546
732,57,354,0.8273188420665257,393,0.1450381679389313,9.842826002208033
733,17,126,0.5829071759906909,28,0.6071428571428571,7.090578008158255
734,47,59,0.1408359897872488,737,0.06377204884667571,40.380708479999306
735,43,73,0.5940359011888514,857,0.050175029171528586,17.45645624887939
736,87,251,0.7580701393569005,64,1.359375,21.04789787594966
737,20,253,0.7020199167124604,295,0.06779661016949153,5.959601665750791
738,70,484,0.1558278046298133,379,0.18469656992084432,59.09205367591307
739,42,116,0.6939135716425577,706,0.059490084985835696,12.855629991012576
740,35,156,0.0787454965406173,580,0.0603448275862069,32.24390762107839
741,59,458,0.1272697600789073,968,0.060950413223140494,51.49108415534447
742,27,254,0.23953380015181,838,0.032219570405727926,20.53258739590113
743,63,177,0.2888738248202882,650,0.09692307692307692,44.80094903632184
744,40,422,0.8530593050338252,316,0.12658227848101267,5.877627798646992
745,80,459,0.5564677796480987,24,3.3333333333333335,35.48257762815211
746,24,484,0.7003544840537103,65,0.36923076923076925,7.191492382710954
747,54,166,0.1051021144320456,857,0.06301050175029171,48.32448582066954
748,79,36,0.5713860912377672,922,0.08568329718004339,33.86049879221639
749,70,342,0.9987720831910044,759,0.0922266139657444,0.08595417662969118
750,97,318,0.1550353661395007,114,0.8508771929824561,81.96156948446843
751,63,301,0.6293663612763941,146,0.4315068493150685,23.34991923958717
752,52,398,0.0521141807944126,670,0.07761194029850746,49.29006259869055
753,62,1,0.2207012329483202,873,0.07101947308132875,48.31652355720415
754,32,200,0.9643621376241012,671,0.04769001490312966,1.1404115960287626
755,93,50,0.2780964931190678,334,0.27844311377245506,67.13702613992669
756,43,137,0.0647763288205069,469,0.09168443496801706,40.21461786071821
757,55,28,0.7448147449360564,266,0.20676691729323307,14.0351890285169
758,15,483,0.8342441026632244,964,0.015560165975103735,2.486338460051635
759,76,322,0.0049048949561417,252,0.30158730158730157,75.62722798333323
760,76,30,0.7715020078438627,934,0.08137044967880086,17.365847403866436
761,23,220,0.9766078473270644,978,0.023517382413087935,0.5380195114775187
762,35,111,0.401164563626459,238,0.14705882352941177,20.959240273073934
763,42,404,0.2888913974540547,657,0.0639269406392694,29.866561306929704
764,50,192,0.7934681717352445,93,0.5376344086021505,10.326591413237773
765,57,44,0.9995360991253136,130,0.43846153846153846,0.02644234985712457
766,78,21,0.3507809527406448,374,0.20855614973262032,50.639085686229706
767,33,200,0.0227022322089184,532,0.06203007518796992,32.25082633710569
768,74,273,0.4451008294381368,700,0.10571428571428572,41.06253862157788
769,36,139,0.1303816833989161,614,0.05863192182410423,31.30625939763902
770,71,106,0.005330627353634,462,0.15367965367965367,70.62152545789199
771,95,101,0.7490070604463273,622,0.1527331189710611,23.84432925759891
772,50,208,0.716131305537104,201,0.24875621890547264,14.193434723144799
773,85,413,0.0738816366388188,290,0.29310344827586204,78.72006088570039
774,33,436,0.7004096536117417,535,0.0616822429906542,9.886481430812525
775,96,175,0.3442170159218669,133,0.7218045112781954,62.955166471500775
776,20,321,0.0940177408132252,575,0.034782608695652174,18.119645183735496
777,48,403,0.1741558948319169,302,0.15894039735099338,39.64051704806799
778,19,376,0.6829888372606607,789,0.024081115335868188,6.023212092047446
779,40,46,0.9356663444145868,760,0.05263157894736842,2.573346223416526
780,79,150,0.2751914701136763,578,0.13667820069204153,57.25987386101957
781,33,387,0.413018226700777,407,0.08108108108108109,19.37039851887436
782,29,248,0.0839846142955357,172,0.1686046511627907,26.564446185429464
783,87,295,0.0251064632711384,135,0.6444444444444445,84.81573769541096
784,96,353,0.3121797698417984,192,0.5,66.03074209518735
785,62,447,0.5745629170040653,262,0.2366412213740458,26.377099145747955
786,39,183,0.5607040152136882,642,0.06074766355140187,17.132543406666162
787,74,386,0.320486106282411,892,0.08295964125560538,50.28402813510159
788,44,117,0.2365675159422281,842,0.052256532066508314,33.59102929854196
789,98,388,0.802167608357391,152,0.6447368421052632,19.387574380975686
790,39,335,0.9542160736403256,429,0.09090909090909091,1.7855731280273028
791,11,421,0.1971222237291696,677,0.01624815361890694,8.831655538979135
792,66,400,0.7735169548874578,644,0.10248447204968944,14.947880977427788
793,48,426,0.101591472007616,57,0.8421052631578947,43.123609343634435
794,96,289,0.3933557271150498,313,0.30670926517571884,58.237850196955215
795,41,436,0.8393832837208058,240,0.17083333333333334,6.585285367446961
796,57,129,0.3019503632149313,850,0.06705882352941177,39.788829296748915
797,59,340,0.3715348190244136,711,0.0829817158931083,37.0794456775596
798,88,435,0.6874675725154563,754,0.11671087533156499,27.502853618639843
799,11,397,0.9528251579215788,423,0.026004728132387706,0.5189232628626327
800,66,414,0.9269596419167332,290,0.22758620689655173,4.8206636334956094
801,43,416,0.0490672882409558,781,0.05505761843790013,40.890106605638906
802,41,139,0.2934132553720838,67,0.6119402985074627,28.97005652974456
803,73,176,0.574071176281808,383,0.1906005221932115,31.092804131428014
804,34,496,0.1078030853181535,837,0.04062126642771804,30.33469509918278
805,50,412,0.172349871487888,271,0.18450184501845018,41.382506425605605
806,28,301,0.9136459876271216,802,0.034912718204488775,2.417912346440596
807,84,282,0.5840416459453477,209,0.4019138755980861,34.9405017405908
808,72,457,0.3696082560549326,799,0.09011264080100125,45.38820556404486
809,38,384,0.7414528414717309,426,0.0892018779342723,9.824792024074227
810,76,3,0.9550608917792526,540,0.14074074074074075,3.4153722247768044
811,43,320,0.1435564686070771,438,0.09817351598173515,36.82707184989568
812,72,50,0.677041762065238,869,0.08285385500575373,23.252993131302862
813,97,133,0.5012172093150863,539,0.17996289424860853,48.38193069643663
814,99,278,0.1042509321631657,240,0.4125,88.6791577158466
815,49,99,0.6915934213164444,496,0.09879032258064516,15.111922355494224
816,84,483,0.1829994113580354,80,1.05,68.62804944592503
817,56,426,0.1645884753509433,587,0.09540034071550256,46.783045380347176
818,12,202,0.098222243734778,818,0.014669926650366748,10.821333075182665
819,96,385,0.4150903893179796,210,0.45714285714285713,56.15132262547396
820,45,126,0.7719320618553722,700,0.06428571428571428,10.26305721650825
821,76,109,0.3882070414947789,43,1.7674418604651163,46.496264846396805
822,85,272,0.9493812696736356,197,0.43147208121827413,4.302592077740977
823,64,473,0.7940162034861966,56,1.1428571428571428,13.182962976883417
824,52,238,0.4058484935361749,116,0.4482758620689655,30.895878336118905
825,13,8,0.9526750768480022,647,0.02009273570324575,0.615224000975971
826,96,381,0.4448241578943716,472,0.2033898305084746,53.296880842140325
827,57,184,0.5034676260038317,153,0.37254901960784315,28.302345317781594
828,33,409,0.5609870586791249,810,0.040740740740740744,14.487427063588878
829,62,398,0.6520407177634213,65,0.9538461538461539,21.57347549866788
830,24,57,0.5807897483950478,938,0.0255863539445629,10.061046038518853
831,70,210,0.0593925673032454,627,0.11164274322169059,65.84252028877282
832,53,388,0.0256334501395841,478,0.1108786610878661,51.64142714260205
833,48,191,0.1452774705375388,863,0.055619930475086905,41.02668141419814
834,90,72,0.0244511882480435,410,0.21951219512195122,87.79939305767608
835,93,310,0.0679825166581306,261,0.3563218390804598,86.67762595079385
836,10,474,0.8317587724386054,941,0.010626992561105207,1.682412275613946
837,27,464,0.8822802878873212,704,0.03835227272727273,3.178432227042329
838,31,429,0.6897196140354028,369,0.08401084010840108,9.618691964902512
839,32,267,0.0339051014257155,583,0.0548885077186964,30.915036754377105
840,10,412,0.6030472987694526,150,0.06666666666666667,3.969527012305474
841,56,107,0.194508168400316,178,0.3146067415730337,45.1075425695823
842,59,94,0.6324609850725924,829,0.07117008443908324,21.684801880717046
843,99,329,0.3061320803548235,297,0.3333333333333333,68.69292404487247
844,79,22,0.6875093400122847,313,0.2523961661341853,24.686762139029508
845,24,225,0.1227789140149808,728,0.03296703296703297,21.053306063640463
846,73,60,0.8521343297553929,856,0.0852803738317757,10.794193927856316
847,96,279,0.1202278277948986,434,0.22119815668202766,84.45812853168974
848,23,407,0.99557099317681,503,0.04572564612326044,0.10186715693337067
849,13,430,0.0668072864402483,919,0.014145810663764961,12.131505276276773
850,95,263,0.9097717152103748,905,0.10497237569060773,8.571687055014394
851,76,477,0.5526410846394555,892,0.08520179372197309,33.999277567401386
852,22,343,0.6493662968988765,440,0.05,7.713941468224718
853,86,195,0.8812866427547792,450,0.19111111111111112,10.20934872308899
854,75,324,0.478078771431668,484,0.15495867768595042,39.1440921426249
855,79,272,0.4703503715953864,256,0.30859375,41.84232064396448
856,29,440,0.8321188021419216,775,0.03741935483870968,4.868554737884274
857,61,387,0.3749973378978989,568,0.1073943661971831,38.12516238822817
858,95,103,0.5072430461907946,332,0.286144578313253,46.81191061187451
859,12,57,0.7060694367464887,165,0.07272727272727272,3.5271667590421356
860,77,369,0.6841094848883676,769,0.10013003901170352,24.32356966359569
861,47,207,0.813982590279082,450,0.10444444444444445,8.742818256883144
862,22,487,0.2992562670639869,505,0.04356435643564356,15.416362124592288
863,22,113,0.5173175379797178,661,0.03328290468986384,10.619014164446208
864,80,430,0.7888833067870527,892,0.08968609865470852,16.889335457035788
865,55,106,0.1264548427995335,974,0.05646817248459959,48.044983646025656
866,49,258,0.5478840126402891,682,0.0718475073313783,22.153683380625836
867,37,495,0.950182961535876,935,0.039572192513368985,1.8432304231725878
868,29,27,0.5716744961511736,856,0.03387850467289719,12.421439611615966
869,94,288,0.5579172544751059,625,0.1504,41.55577807934005
870,24,202,0.4086995367647591,748,0.03208556149732621,14.191211117645782
871,70,69,0.3876233678435724,731,0.09575923392612859,42.866364250949935
872,17,28,0.2372359484790472,858,0.019813519813519812,12.966988875856199
873,46,22,0.3050776557077277,61,0.7540983606557377,31.966427837444524
874,60,275,0.8396533511712343,729,0.0823045267489712,9.620798929725943
875,77,213,0.5364577488683703,132,0.5833333333333334,35.692753337135485
876,75,418,0.0763453190532121,296,0.2533783783783784,69.2741010710091
877,69,79,0.0243610044981844,979,0.07048008171603677,67.31909068962528
878,84,448,0.928089711377597,272,0.3088235294117647,6.040464244281853
879,50,118,0.1506349108332463,247,0.20242914979757085,42.46825445833768
880,97,426,0.6335335269915551,899,0.10789766407119021,35.54724788181916
881,75,379,0.9165189926223468,537,0.13966480446927373,6.261075553323988
882,45,219,0.8327391648684253,544,0.08272058823529412,7.526737580920864
883,61,21,0.5734249553124974,516,0.1182170542635659,26.02107772593766
884,93,397,0.0098297947083062,689,0.13497822931785197,92.08582909212753
885,41,277,0.7179712366779081,312,0.13141025641025642,11.56317929620577
886,13,252,0.0804250933944094,766,0.016971279373368148,11.954473785872677
887,61,103,0.0686546171947967,327,0.18654434250764526,56.812068351117404
888,17,460,0.7431701088599043,670,0.025373134328358207,4.366108149381627
889,17,361,0.5974195477042571,303,0.056105610561056105,6.843867689027629
890,19,382,0.1893992589695812,140,0.1357142857142857,15.401414079577957
891,31,41,0.9930269518854384,889,0.03487064116985377,0.2161644915514085
892,29,274,0.7639052941894606,694,0.04178674351585014,6.846746468505642
893,57,407,0.5161316917230263,140,0.40714285714285714,27.5804935717875
894,11,39,0.6911695048846296,102,0.10784313725490197,3.3971354462690746
895,61,255,0.8936129752231738,155,0.3935483870967742,6.489608511386395
896,85,267,0.5313942422255933,706,0.12039660056657224,39.831489410824574
897,16,439,0.0017058428296489,263,0.060836501901140684,15.972706514725617
898,13,99,0.8962825435023005,599,0.021702838063439065,1.3483269344700932
899,61,283,0.427453660015985,684,0.0891812865497076,34.92532673902491
900,38,272,0.5680512716986276,584,0.06506849315068493,16.414051675452153
901,55,65,0.3140407330025613,229,0.24017467248908297,37.72775968485913
902,46,279,0.6301731754298844,637,0.07221350078492936,17.012033930225318
903,32,202,0.8314425747368104,604,0.052980132450331126,5.393837608422068
904,77,449,0.1683709423549483,772,0.09974093264248704,64.03543743866898
905,56,295,0.9854335584018696,836,0.06698564593301436,0.8157207294953004
906,80,214,0.8461361423269936,576,0.1388888888888889,12.30910861384051
907,39,478,0.9115689578374934,201,0.19402985074626866,3.4488106443377586
908,72,450,0.8534085909660597,561,0.12834224598930483,10.554581450443703
909,11,467,0.697941868181849,867,0.012687427912341407,3.322639449999661
910,34,221,0.3826742679366437,728,0.046703296703296704,20.989074890154114
911,10,417,0.1917939785337877,363,0.027548209366391185,8.082060214662123
912,98,103,0.9700932147345338,169,0.5798816568047337,2.930864956015687
913,23,30,0.5038404984363178,365,0.06301369863013699,11.41166853596469
914,27,499,0.0331333122501721,107,0.2523364485981308,26.10540056924535
915,56,117,0.5811437843332596,738,0.07588075880758807,23.45594807733746
916,92,104,0.1128637048002466,156,0.5897435897435898,81.61653915837732
917,55,28,0.4686560666649842,353,0.1558073654390935,29.223916333425873
918,78,116,0.3559219448298671,483,0.16149068322981366,50.23808830327036
919,12,135,0.5517044528167254,344,0.03488372093023256,5.379546566199295
920,22,467,0.115733675105366,400,0.055,19.453859147681946
921,75,11,0.9328452713826694,787,0.09529860228716645,5.036604646299797
922,84,393,0.5690686607123414,686,0.12244897959183673,36.19823250016332
923,54,104,0.1150023275953364,332,0.16265060240963855,47.78987430985183
924,68,392,0.3571183169855599,703,0.09672830725462304,43.71595444498193
925,53,130,0.0891518319972859,175,0.3028571428571429,48.274952904143845
926,55,327,0.3070231710308992,731,0.07523939808481532,38.11372559330054
927,39,211,0.178112372882271,248,0.15725806451612903,32.05361745759143
928,46,278,0.8826600662174275,997,0.04613841524573721,5.397636953998333
929,36,245,0.7903895241784508,894,0.040268456375838924,7.545977129575773
930,75,332,0.0342188927328935,60,1.25,72.43358304503299
931,24,41,0.6048235783977971,161,0.14906832298136646,9.48423411845287
932,37,177,0.1338712124285598,643,0.05754276827371695,32.046765140143286
933,58,311,0.5338894056080317,915,0.0633879781420765,27.034414474734163
934,19,223,0.0420068329248347,553,0.034358047016274866,18.20187017442814
935,72,80,0.1072265352831943,336,0.21428571428571427,64.27968945961001
936,49,2,0.3984676620654581,711,0.06891701828410689,29.475084558792553
937,78,180,0.0305851279643488,202,0.38613861386138615,75.6143600187808
938,71,47,0.8921477675538038,412,0.17233009708737865,7.657508503679933
939,68,255,0.5294691519479768,428,0.1588785046728972,31.996097667537576
940,79,199,0.2231621900501007,802,0.09850374064837905,61.37018698604204
941,69,471,0.530616773331757,622,0.11093247588424437,32.387442640108766
942,78,101,0.2484146538396096,982,0.07942973523421588,58.623657000510455
943,22,127,0.7866624472587725,815,0.026993865030674847,4.693426160307004
944,39,68,0.1557182791311249,699,0.055793991416309016,32.92698711388613
945,80,310,0.0156475316150259,778,0.10282776349614396,78.74819747079793
946,79,349,0.1122486792556666,848,0.09316037735849056,70.13235433880234
947,25,199,0.2019173967532757,750,0.03333333333333333,19.952065081168108
948,21,66,0.9204350498998144,209,0.10047846889952153,1.6708639521038977
949,99,144,0.3981120081271093,678,0.14601769911504425,59.586911195416185
950,58,79,0.3342571006708926,754,0.07692307692307693,38.613088161088235
951,57,95,0.3231963040205277,146,0.3904109589041096,38.57781067082992
952,76,305,0.5304779207189225,888,0.08558558558558559,35.683678025361885
953,12,29,0.0676346649958774,31,0.3870967741935484,11.18838402004947
954,98,311,0.7665311992193431,108,0.9074074074074074,22.879942476504375
955,67,277,0.2963669466049241,317,0.2113564668769716,47.14341457747008
956,49,413,0.3017764819002305,911,0.05378704720087816,34.21295238688871
957,66,41,0.5405891894260071,442,0.1493212669683258,30.32111349788353
958,86,417,0.0500918936165781,467,0.1841541755888651,81.69209714897428
959,61,375,0.3732803877869755,926,0.06587473002159827,38.22989634499449
960,33,160,0.930356993115818,872,0.03784403669724771,2.2982192271780066
961,33,42,0.3327667224677857,811,0.040690505548705305,22.018698158563073
962,88,40,0.2829500399022947,367,0.23978201634877383,63.100396488598065
963,39,368,0.8051174073986334,548,0.07116788321167883,7.600421111453299
964,34,57,0.849055495388654,259,0.13127413127413126,5.132113156785764
965,17,240,0.9230471005991624,37,0.4594594594594595,1.3081992898142394
966,31,92,0.9321597159721444,92,0.33695652173913043,2.1030488048635227
967,34,156,0.3856219563516342,781,0.04353393085787452,20.888853484044436
968,57,91,0.1418179587969713,618,0.09223300970873786,48.91637634857264
969,38,488,0.7172241829844608,312,0.12179487179487179,10.745481046590491
970,30,449,0.3095705280176665,623,0.048154093097913325,20.712884159470004
971,44,212,0.543691847474424,912,0.04824561403508772,20.077558711125345
972,64,439,0.489059082818167,113,0.5663716814159292,32.70021869963731
973,94,8,0.0938345564319796,919,0.10228509249183895,85.17955169539393
974,79,429,0.1474812771152763,559,0.1413237924865832,67.34897910789317
975,11,459,0.3195039911100624,180,0.06111111111111111,7.4854560977893145
976,56,360,0.2022336652293196,882,0.06349206349206349,44.6749147471581
977,81,432,0.4853592546540533,520,0.15576923076923077,41.68590037302168
978,79,134,0.0982613631072267,907,0.08710033076074973,71.23735231452909
979,86,305,0.6118466689707647,783,0.10983397190293742,33.38118646851424
980,69,239,0.836366818132207,467,0.14775160599571735,11.290689548877715
981,23,48,0.7668970517141969,285,0.08070175438596491,5.361367810573472
982,23,119,0.986467362954782,131,0.17557251908396945,0.31125065204001423
983,36,392,0.9266362485064557,937,0.0384204909284952,2.6410950537675966
984,30,229,0.7129227318898221,506,0.05928853754940711,8.612318043305336
985,18,476,0.1257279924917163,375,0.048,15.736896135149106
986,35,22,0.6808285106991755,166,0.21084337349397592,11.171002125528858
987,41,175,0.5845283192411116,986,0.04158215010141988,17.034338911114425
988,25,190,0.4973106968092347,359,0.06963788300835655,12.567232579769133
989,74,129,0.1132510108887314,277,0.26714801444043323,65.61942519423388
990,31,77,0.4523520200276865,188,0.16489361702127658,16.977087379141718
991,62,425,0.3011543011328644,702,0.08831908831908832,43.32843332976241
992,68,373,0.3952788583958395,129,0.5271317829457365,41.12103762908291
993,73,315,0.4256257355685097,655,0.11145038167938931,41.929321303498796
994,90,110,0.8424383526286093,869,0.10356731875719218,14.18054826342516
995,73,419,0.3212999101763365,249,0.2931726907630522,49.54510655712743
996,87,7,0.3542589056164146,793,0.10970996216897856,56.17947521137193
997,22,159,0.7895190591676986,172,0.12790697674418605,4.630580698310631
998,51,69,0.2283040107709786,141,0.3617021276595745,39.35649545068009
999,10,17,0.72292060802866,94,0.10638297872340426,2.7707939197134
1000,15,477,0.8665769470807455,553,0.027124773960216998,2.0013457937888175
