CustomerID,Gender,Age,AnnualIncome,PurchaseAmount,PurchaseDate,IncomePerPurchase,AgeIncomeRatio
1,1,60,119,44,2023-01-01,2.7045454545454546,0.5042016806722689
2,0,18,41,231,2023-01-02,0.1774891774891775,0.43902439024390244
3,1,27,124,68,2023-01-03,1.8235294117647058,0.21774193548387097
4,1,23,24,177,2023-01-04,0.13559322033898305,0.9583333333333334
5,1,50,108,288,2023-01-05,0.375,0.46296296296296297
6,0,25,122,68,2023-01-06,1.7941176470588236,0.20491803278688525
7,0,66,68,316,2023-01-07,0.21518987341772153,0.9705882352941176
8,0,61,107,39,2023-01-08,2.7435897435897436,0.5700934579439252
9,1,62,50,7,2023-01-09,7.142857142857143,1.24
10,1,32,114,188,2023-01-10,0.6063829787234043,0.2807017543859649
11,0,63,104,45,2023-01-11,2.311111111111111,0.6057692307692307
12,0,67,136,24,2023-01-12,5.666666666666667,0.49264705882352944
13,0,26,119,42,2023-01-13,2.8333333333333335,0.2184873949579832
14,0,34,31,57,2023-01-14,0.543859649122807,1.096774193548387
15,0,65,89,74,2023-01-15,1.2027027027027026,0.7303370786516854
16,0,61,37,40,2023-01-16,0.925,1.6486486486486487
17,0,61,88,166,2023-01-17,0.5301204819277109,0.6931818181818182
18,1,22,42,129,2023-01-18,0.32558139534883723,0.5238095238095238
19,0,36,116,93,2023-01-19,1.2473118279569892,0.3103448275862069
20,1,50,143,184,2023-01-20,0.7771739130434783,0.34965034965034963
21,0,55,92,98,2023-01-21,0.9387755102040817,0.5978260869565217
22,1,29,132,19,2023-01-22,6.947368421052632,0.2196969696969697
23,0,54,137,86,2023-01-23,1.5930232558139534,0.39416058394160586
24,0,33,90,336,2023-01-24,0.26785714285714285,0.36666666666666664
25,0,34,104,132,2023-01-25,0.7878787878787878,0.3269230769230769
26,0,43,112,159,2023-01-26,0.7044025157232704,0.38392857142857145
27,1,50,126,291,2023-01-27,0.4329896907216495,0.3968253968253968
28,1,50,126,129,2023-01-28,0.9767441860465116,0.3968253968253968
29,1,20,122,42,2023-01-29,2.9047619047619047,0.16393442622950818
30,0,54,74,60,2023-01-30,1.2333333333333334,0.7297297297297297
31,1,58,72,225,2023-01-31,0.32,0.8055555555555556
32,1,24,90,194,2023-02-01,0.4639175257731959,0.26666666666666666
33,0,63,129,20,2023-02-02,6.45,0.4883720930232558
34,1,37,147,228,2023-02-03,0.6447368421052632,0.25170068027210885
35,1,44,102,4,2023-02-04,25.5,0.43137254901960786
36,0,23,23,81,2023-02-05,0.2839506172839506,1.0
37,0,25,123,93,2023-02-06,1.3225806451612903,0.2032520325203252
38,1,67,28,19,2023-02-07,1.4736842105263157,2.392857142857143
39,0,29,65,152,2023-02-08,0.4276315789473684,0.4461538461538462
40,1,43,55,20,2023-02-09,2.75,0.7818181818181819
41,1,43,129,78,2023-02-10,1.6538461538461537,0.3333333333333333
42,0,25,144,38,2023-02-11,3.789473684210526,0.1736111111111111
43,0,61,143,36,2023-02-12,3.9722222222222223,0.42657342657342656
44,1,69,144,39,2023-02-13,3.6923076923076925,0.4791666666666667
45,0,41,35,15,2023-02-14,2.3333333333333335,1.1714285714285715
46,1,23,142,8,2023-02-15,17.75,0.1619718309859155
47,0,61,29,75,2023-02-16,0.38666666666666666,2.103448275862069
48,1,52,115,135,2023-02-17,0.8518518518518519,0.45217391304347826
49,0,25,38,228,2023-02-18,0.16666666666666666,0.6578947368421053
50,0,65,89,180,2023-02-19,0.49444444444444446,0.7303370786516854
51,0,47,122,93,2023-02-20,1.3118279569892473,0.38524590163934425
52,0,42,122,20,2023-02-21,6.1,0.3442622950819672
53,0,19,37,144,2023-02-22,0.2569444444444444,0.5135135135135135
54,1,19,102,8,2023-02-23,12.75,0.18627450980392157
55,1,46,77,87,2023-02-24,0.8850574712643678,0.5974025974025974
56,1,43,27,8,2023-02-25,3.375,1.5925925925925926
57,1,59,67,156,2023-02-26,0.42948717948717946,0.8805970149253731
58,0,53,102,102,2023-02-27,1.0,0.5196078431372549
59,1,52,72,150,2023-02-28,0.48,0.7222222222222222
60,1,51,126,260,2023-03-01,0.4846153846153846,0.40476190476190477
61,0,30,107,55,2023-03-02,1.9454545454545455,0.2803738317757009
62,1,68,108,98,2023-03-03,1.1020408163265305,0.6296296296296297
63,0,23,108,207,2023-03-04,0.5217391304347826,0.21296296296296297
64,1,58,120,98,2023-03-05,1.2244897959183674,0.48333333333333334
65,0,47,22,78,2023-03-06,0.28205128205128205,2.1363636363636362
66,0,61,61,124,2023-03-07,0.49193548387096775,1.0
67,0,61,37,92,2023-03-08,0.40217391304347827,1.6486486486486487
68,1,52,31,84,2023-03-09,0.36904761904761907,1.6774193548387097
69,1,23,62,340,2023-03-10,0.18235294117647058,0.3709677419354839
70,0,42,96,123,2023-03-11,0.7804878048780488,0.4375
71,0,23,61,40,2023-03-12,1.525,0.3770491803278688
72,0,52,34,42,2023-03-13,0.8095238095238095,1.5294117647058822
73,1,38,133,28,2023-03-14,4.75,0.2857142857142857
74,1,53,37,98,2023-03-15,0.37755102040816324,1.4324324324324325
75,0,20,146,18,2023-03-16,8.11111111111111,0.136986301369863
76,1,21,149,54,2023-03-17,2.759259259259259,0.14093959731543623
77,0,22,144,36,2023-03-18,4.0,0.1527777777777778
78,0,69,61,8,2023-03-19,7.625,1.1311475409836065
79,0,69,136,78,2023-03-20,1.7435897435897436,0.5073529411764706
80,1,67,136,46,2023-03-21,2.9565217391304346,0.49264705882352944
81,0,65,130,188,2023-03-22,0.6914893617021277,0.5
82,1,37,75,42,2023-03-23,1.7857142857142858,0.49333333333333335
83,1,42,128,256,2023-03-24,0.5,0.328125
84,1,21,37,22,2023-03-25,1.6818181818181819,0.5675675675675675
85,0,57,65,42,2023-03-26,1.5476190476190477,0.8769230769230769
86,1,21,96,183,2023-03-27,0.5245901639344263,0.21875
87,1,66,82,291,2023-03-28,0.281786941580756,0.8048780487804879
88,0,61,115,142,2023-03-29,0.8098591549295775,0.5304347826086957
89,0,60,72,258,2023-03-30,0.27906976744186046,0.8333333333333334
90,1,32,32,20,2023-03-31,1.6,1.0
91,1,37,33,70,2023-04-01,0.4714285714285714,1.121212121212121
92,1,52,36,2,2023-04-02,18.0,1.4444444444444444
93,1,26,129,105,2023-04-03,1.2285714285714286,0.20155038759689922
94,1,67,146,144,2023-04-04,1.0138888888888888,0.4589041095890411
95,0,20,28,24,2023-04-05,1.1666666666666667,0.7142857142857143
96,1,23,73,264,2023-04-06,0.2765151515151515,0.3150684931506849
97,0,56,114,69,2023-04-07,1.6521739130434783,0.49122807017543857
98,0,52,61,168,2023-04-08,0.3630952380952381,0.8524590163934426
99,0,69,75,166,2023-04-09,0.45180722891566266,0.92
100,1,62,45,54,2023-04-10,0.8333333333333334,1.3777777777777778
101,1,33,29,44,2023-04-11,0.6590909090909091,1.1379310344827587
102,0,51,97,123,2023-04-12,0.7886178861788617,0.5257731958762887
103,1,43,65,194,2023-04-13,0.33505154639175255,0.6615384615384615
104,0,30,73,248,2023-04-14,0.29435483870967744,0.410958904109589
105,0,66,50,4,2023-04-15,12.5,1.32
106,0,36,87,87,2023-04-16,1.0,0.41379310344827586
107,0,50,69,82,2023-04-17,0.8414634146341463,0.7246376811594203
108,1,22,63,84,2023-04-18,0.75,0.3492063492063492
109,0,58,132,201,2023-04-19,0.6567164179104478,0.4393939393939394
110,0,36,116,65,2023-04-20,1.7846153846153847,0.3103448275862069
111,0,36,142,64,2023-04-21,2.21875,0.2535211267605634
112,1,35,114,48,2023-04-22,2.375,0.30701754385964913
113,0,38,31,106,2023-04-23,0.29245283018867924,1.2258064516129032
114,1,63,29,31,2023-04-24,0.9354838709677419,2.1724137931034484
115,0,55,88,308,2023-04-25,0.2857142857142857,0.625
116,1,43,52,33,2023-04-26,1.5757575757575757,0.8269230769230769
117,0,48,95,285,2023-04-27,0.3333333333333333,0.5052631578947369
118,0,34,65,95,2023-04-28,0.6842105263157895,0.5230769230769231
119,1,29,66,141,2023-04-29,0.46808510638297873,0.4393939393939394
120,0,23,27,267,2023-04-30,0.10112359550561797,0.8518518518518519
121,1,53,68,128,2023-05-01,0.53125,0.7794117647058824
122,0,50,82,308,2023-05-02,0.2662337662337662,0.6097560975609756
123,0,67,90,284,2023-05-03,0.31690140845070425,0.7444444444444445
124,1,45,100,90,2023-05-04,1.1111111111111112,0.45
125,1,53,28,39,2023-05-05,0.717948717948718,1.8928571428571428
126,1,46,32,111,2023-05-06,0.2882882882882883,1.4375
127,1,55,39,11,2023-05-07,3.5454545454545454,1.4102564102564104
128,1,69,105,237,2023-05-08,0.4430379746835443,0.6571428571428571
129,0,64,72,3,2023-05-09,24.0,0.8888888888888888
130,1,19,137,102,2023-05-10,1.3431372549019607,0.1386861313868613
131,1,50,96,10,2023-05-11,9.6,0.5208333333333334
132,1,30,37,196,2023-05-12,0.18877551020408162,0.8108108108108109
133,1,30,140,84,2023-05-13,1.6666666666666667,0.21428571428571427
134,0,44,124,98,2023-05-14,1.2653061224489797,0.3548387096774194
135,0,43,74,156,2023-05-15,0.47435897435897434,0.581081081081081
136,0,34,108,80,2023-05-16,1.35,0.3148148148148148
137,0,69,94,33,2023-05-17,2.8484848484848486,0.7340425531914894
138,0,67,137,3,2023-05-18,45.666666666666664,0.48905109489051096
139,0,38,144,36,2023-05-19,4.0,0.2638888888888889
140,0,59,57,308,2023-05-20,0.18506493506493507,1.0350877192982457
141,1,23,69,116,2023-05-21,0.5948275862068966,0.3333333333333333
142,0,58,59,15,2023-05-22,3.933333333333333,0.9830508474576272
143,0,23,28,18,2023-05-23,1.5555555555555556,0.8214285714285714
144,0,67,79,77,2023-05-24,1.025974025974026,0.8481012658227848
145,1,39,48,64,2023-05-25,0.75,0.8125
146,0,43,60,284,2023-05-26,0.2112676056338028,0.7166666666666667
147,0,28,109,46,2023-05-27,2.369565217391304,0.25688073394495414
148,1,35,42,30,2023-05-28,1.4,0.8333333333333334
149,0,37,100,62,2023-05-29,1.6129032258064515,0.37
150,0,39,46,156,2023-05-30,0.2948717948717949,0.8478260869565217
151,0,66,91,38,2023-05-31,2.3947368421052633,0.7252747252747253
152,0,24,77,212,2023-06-01,0.3632075471698113,0.3116883116883117
153,1,20,51,66,2023-06-02,0.7727272727272727,0.39215686274509803
154,0,31,77,172,2023-06-03,0.4476744186046512,0.4025974025974026
155,0,30,127,39,2023-06-04,3.2564102564102564,0.23622047244094488
156,0,22,145,184,2023-06-05,0.7880434782608695,0.15172413793103448
157,1,61,70,87,2023-06-06,0.8045977011494253,0.8714285714285714
158,0,44,141,224,2023-06-07,0.6294642857142857,0.3120567375886525
159,0,62,32,364,2023-06-08,0.08791208791208792,1.9375
160,0,44,147,174,2023-06-09,0.8448275862068966,0.29931972789115646
161,1,55,46,63,2023-06-10,0.7301587301587301,1.1956521739130435
162,0,27,129,249,2023-06-11,0.5180722891566265,0.20930232558139536
163,1,59,43,94,2023-06-12,0.4574468085106383,1.372093023255814
164,1,58,55,58,2023-06-13,0.9482758620689655,1.0545454545454545
165,0,37,51,8,2023-06-14,6.375,0.7254901960784313
166,1,52,31,89,2023-06-15,0.34831460674157305,1.6774193548387097
167,1,28,109,196,2023-06-16,0.5561224489795918,0.25688073394495414
168,1,53,26,184,2023-06-17,0.14130434782608695,2.0384615384615383
169,0,42,85,165,2023-06-18,0.5151515151515151,0.49411764705882355
170,1,50,133,336,2023-06-19,0.3958333333333333,0.37593984962406013
171,1,50,106,28,2023-06-20,3.7857142857142856,0.4716981132075472
172,1,31,23,150,2023-06-21,0.15333333333333332,1.3478260869565217
173,1,50,100,102,2023-06-22,0.9803921568627451,0.5
174,1,61,66,72,2023-06-23,0.9166666666666666,0.9242424242424242
175,1,18,138,142,2023-06-24,0.971830985915493,0.13043478260869565
176,0,59,86,176,2023-06-25,0.48863636363636365,0.686046511627907
177,0,62,67,120,2023-06-26,0.5583333333333333,0.9253731343283582
178,0,28,26,176,2023-06-27,0.14772727272727273,1.0769230769230769
179,1,28,90,364,2023-06-28,0.24725274725274726,0.3111111111111111
180,0,68,31,99,2023-06-29,0.31313131313131315,2.193548387096774
181,0,44,126,228,2023-06-30,0.5526315789473685,0.3492063492063492
182,0,23,133,132,2023-07-01,1.0075757575757576,0.17293233082706766
183,0,65,140,87,2023-07-02,1.6091954022988506,0.4642857142857143
184,0,64,74,141,2023-07-03,0.524822695035461,0.8648648648648649
185,1,26,53,80,2023-07-04,0.6625,0.49056603773584906
186,0,66,85,183,2023-07-05,0.4644808743169399,0.7764705882352941
187,0,28,121,348,2023-07-06,0.34770114942528735,0.23140495867768596
188,0,18,40,196,2023-07-07,0.20408163265306123,0.45
189,0,47,88,76,2023-07-08,1.1578947368421053,0.5340909090909091
190,0,26,124,74,2023-07-09,1.6756756756756757,0.20967741935483872
191,1,68,147,135,2023-07-10,1.0888888888888888,0.46258503401360546
192,1,43,126,148,2023-07-11,0.8513513513513513,0.3412698412698413
193,1,30,39,44,2023-07-12,0.8863636363636364,0.7692307692307693
194,0,23,50,52,2023-07-13,0.9615384615384616,0.46
195,0,24,61,273,2023-07-14,0.22344322344322345,0.39344262295081966
196,1,55,93,3,2023-07-15,31.0,0.5913978494623656
197,1,52,124,24,2023-07-16,5.166666666666667,0.41935483870967744
198,1,61,33,60,2023-07-17,0.55,1.8484848484848484
199,1,62,83,83,2023-07-18,1.0,0.7469879518072289
200,1,54,53,243,2023-07-19,0.21810699588477367,1.0188679245283019
201,1,28,32,248,2023-07-20,0.12903225806451613,0.875
202,1,23,39,168,2023-07-21,0.23214285714285715,0.5897435897435898
203,1,22,115,61,2023-07-22,1.8852459016393444,0.19130434782608696
204,0,28,81,356,2023-07-23,0.22752808988764045,0.345679012345679
205,0,44,38,8,2023-07-24,4.75,1.1578947368421053
206,0,54,28,99,2023-07-25,0.2828282828282828,1.9285714285714286
207,1,55,143,9,2023-07-26,15.88888888888889,0.38461538461538464
208,1,26,30,85,2023-07-27,0.35294117647058826,0.8666666666666667
209,0,68,22,177,2023-07-28,0.12429378531073447,3.090909090909091
210,0,32,134,117,2023-07-29,1.1452991452991452,0.23880597014925373
211,0,34,66,30,2023-07-30,2.2,0.5151515151515151
212,1,45,77,249,2023-07-31,0.3092369477911647,0.5844155844155844
213,0,19,35,62,2023-08-01,0.5645161290322581,0.5428571428571428
214,1,64,91,94,2023-08-02,0.9680851063829787,0.7032967032967034
215,1,42,51,58,2023-08-03,0.8793103448275862,0.8235294117647058
216,1,50,27,57,2023-08-04,0.47368421052631576,1.8518518518518519
217,1,47,71,112,2023-08-05,0.6339285714285714,0.6619718309859155
218,1,42,42,105,2023-08-06,0.4,1.0
219,1,56,89,194,2023-08-07,0.4587628865979381,0.6292134831460674
220,0,51,130,10,2023-08-08,13.0,0.3923076923076923
221,0,54,98,392,2023-08-09,0.25,0.5510204081632653
222,1,50,130,114,2023-08-10,1.1403508771929824,0.38461538461538464
223,1,44,60,24,2023-08-11,2.5,0.7333333333333333
224,1,50,119,68,2023-08-12,1.75,0.42016806722689076
225,0,48,69,213,2023-08-13,0.323943661971831,0.6956521739130435
226,0,49,110,75,2023-08-14,1.4666666666666666,0.44545454545454544
227,1,45,104,116,2023-08-15,0.896551724137931,0.4326923076923077
228,1,22,58,136,2023-08-16,0.4264705882352941,0.3793103448275862
229,0,67,26,156,2023-08-17,0.16666666666666666,2.576923076923077
230,0,28,123,82,2023-08-18,1.5,0.22764227642276422
231,1,52,110,36,2023-08-19,3.0555555555555554,0.4727272727272727
232,0,28,52,180,2023-08-20,0.28888888888888886,0.5384615384615384
233,0,49,53,192,2023-08-21,0.2760416666666667,0.9245283018867925
234,0,23,118,168,2023-08-22,0.7023809523809523,0.19491525423728814
235,1,18,133,52,2023-08-23,2.5576923076923075,0.13533834586466165
236,0,58,144,380,2023-08-24,0.37894736842105264,0.4027777777777778
237,0,48,126,36,2023-08-25,3.5,0.38095238095238093
238,1,30,114,142,2023-08-26,0.8028169014084507,0.2631578947368421
239,0,61,74,92,2023-08-27,0.8043478260869565,0.8243243243243243
240,1,19,36,29,2023-08-28,1.2413793103448276,0.5277777777777778
241,1,58,69,156,2023-08-29,0.4423076923076923,0.8405797101449275
242,0,39,95,63,2023-08-30,1.507936507936508,0.4105263157894737
243,0,58,59,98,2023-08-31,0.6020408163265306,0.9830508474576272
244,1,39,68,192,2023-09-01,0.3541666666666667,0.5735294117647058
245,1,53,66,164,2023-09-02,0.4024390243902439,0.803030303030303
246,1,35,31,45,2023-09-03,0.6888888888888889,1.1290322580645162
247,1,49,83,61,2023-09-04,1.360655737704918,0.5903614457831325
248,0,65,27,267,2023-09-05,0.10112359550561797,2.4074074074074074
249,0,24,106,76,2023-09-06,1.394736842105263,0.22641509433962265
250,0,28,79,192,2023-09-07,0.4114583333333333,0.35443037974683544
251,0,55,67,44,2023-09-08,1.5227272727272727,0.8208955223880597
252,1,35,114,156,2023-09-09,0.7307692307692307,0.30701754385964913
253,0,25,135,39,2023-09-10,3.4615384615384617,0.18518518518518517
254,1,68,40,204,2023-09-11,0.19607843137254902,1.7
255,1,37,94,216,2023-09-12,0.4351851851851852,0.39361702127659576
256,0,53,46,30,2023-09-13,1.5333333333333334,1.1521739130434783
257,0,52,21,48,2023-09-14,0.4375,2.4761904761904763
258,1,61,47,88,2023-09-15,0.5340909090909091,1.297872340425532
259,0,57,44,288,2023-09-16,0.1527777777777778,1.2954545454545454
260,1,22,139,116,2023-09-17,1.1982758620689655,0.15827338129496402
261,1,52,57,104,2023-09-18,0.5480769230769231,0.9122807017543859
262,1,31,128,34,2023-09-19,3.764705882352941,0.2421875
263,1,22,50,30,2023-09-20,1.6666666666666667,0.44
264,1,54,35,72,2023-09-21,0.4861111111111111,1.542857142857143
265,1,30,112,368,2023-09-22,0.30434782608695654,0.26785714285714285
266,1,52,43,198,2023-09-23,0.21717171717171718,1.2093023255813953
267,0,37,52,122,2023-09-24,0.4262295081967213,0.7115384615384616
268,0,37,125,63,2023-09-25,1.9841269841269842,0.296
269,0,60,97,91,2023-09-26,1.065934065934066,0.6185567010309279
270,1,33,121,61,2023-09-27,1.9836065573770492,0.2727272727272727
271,1,24,44,336,2023-09-28,0.13095238095238096,0.5454545454545454
272,1,54,71,153,2023-09-29,0.46405228758169936,0.7605633802816901
273,1,58,149,192,2023-09-30,0.7760416666666666,0.38926174496644295
274,1,65,59,252,2023-10-01,0.23412698412698413,1.1016949152542372
275,0,50,107,64,2023-10-02,1.671875,0.4672897196261682
276,0,24,93,32,2023-10-03,2.90625,0.25806451612903225
277,0,38,146,20,2023-10-04,7.3,0.2602739726027397
278,0,61,24,288,2023-10-05,0.08333333333333333,2.5416666666666665
279,0,64,125,46,2023-10-06,2.717391304347826,0.512
280,0,25,143,201,2023-10-07,0.7114427860696517,0.17482517482517482
281,1,39,70,74,2023-10-08,0.9459459459459459,0.5571428571428572
282,1,50,37,156,2023-10-09,0.23717948717948717,1.3513513513513513
283,0,55,89,76,2023-10-10,1.1710526315789473,0.6179775280898876
284,1,69,69,2,2023-10-11,34.5,1.0
285,1,22,78,62,2023-10-12,1.2580645161290323,0.28205128205128205
286,1,24,76,160,2023-10-13,0.475,0.3157894736842105
287,0,56,53,49,2023-10-14,1.0816326530612246,1.0566037735849056
288,0,28,48,188,2023-10-15,0.2553191489361702,0.5833333333333334
289,0,56,118,32,2023-10-16,3.6875,0.4745762711864407
290,1,21,116,77,2023-10-17,1.5064935064935066,0.1810344827586207
291,1,52,74,252,2023-10-18,0.29365079365079366,0.7027027027027027
292,1,21,114,296,2023-10-19,0.38513513513513514,0.18421052631578946
293,0,20,28,48,2023-10-20,0.5833333333333334,0.7142857142857143
294,1,41,94,26,2023-10-21,3.6153846153846154,0.43617021276595747
295,0,24,82,40,2023-10-22,2.05,0.2926829268292683
296,0,52,80,54,2023-10-23,1.4814814814814814,0.65
297,1,18,83,118,2023-10-24,0.7033898305084746,0.21686746987951808
298,0,60,120,61,2023-10-25,1.9672131147540983,0.5
299,1,25,94,118,2023-10-26,0.7966101694915254,0.26595744680851063
300,1,63,131,78,2023-10-27,1.6794871794871795,0.48091603053435117
301,0,55,100,80,2023-10-28,1.25,0.55
302,1,23,62,144,2023-10-29,0.4305555555555556,0.3709677419354839
303,1,63,125,96,2023-10-30,1.3020833333333333,0.504
304,0,38,148,46,2023-10-31,3.217391304347826,0.25675675675675674
305,1,55,98,392,2023-11-01,0.25,0.5612244897959183
306,0,63,92,164,2023-11-02,0.5609756097560976,0.6847826086956522
307,0,67,31,195,2023-11-03,0.15897435897435896,2.161290322580645
308,0,51,103,10,2023-11-04,10.3,0.49514563106796117
309,0,36,112,66,2023-11-05,1.696969696969697,0.32142857142857145
310,0,20,115,74,2023-11-06,1.554054054054054,0.17391304347826086
311,1,42,74,70,2023-11-07,1.0571428571428572,0.5675675675675675
312,0,26,141,340,2023-11-08,0.4147058823529412,0.18439716312056736
313,0,48,57,45,2023-11-09,1.2666666666666666,0.8421052631578947
314,1,50,92,102,2023-11-10,0.9019607843137255,0.5434782608695652
315,0,41,49,282,2023-11-11,0.17375886524822695,0.8367346938775511
316,0,53,123,22,2023-11-12,5.590909090909091,0.43089430894308944
317,1,44,36,236,2023-11-13,0.15254237288135594,1.2222222222222223
318,0,52,88,288,2023-11-14,0.3055555555555556,0.5909090909090909
319,0,22,35,24,2023-11-15,1.4583333333333333,0.6285714285714286
320,1,30,25,264,2023-11-16,0.0946969696969697,1.2
321,1,23,141,148,2023-11-17,0.9527027027027027,0.16312056737588654
322,0,51,107,184,2023-11-18,0.5815217391304348,0.4766355140186916
323,0,26,23,140,2023-11-19,0.16428571428571428,1.1304347826086956
324,0,22,24,87,2023-11-20,0.27586206896551724,0.9166666666666666
325,0,19,110,91,2023-11-21,1.2087912087912087,0.17272727272727273
326,1,58,95,380,2023-11-22,0.25,0.6105263157894737
327,1,51,33,25,2023-11-23,1.32,1.5454545454545454
328,0,21,65,45,2023-11-24,1.4444444444444444,0.3230769230769231
329,1,35,77,200,2023-11-25,0.385,0.45454545454545453
330,1,65,67,36,2023-11-26,1.8611111111111112,0.9701492537313433
331,0,61,146,272,2023-11-27,0.5367647058823529,0.4178082191780822
332,1,18,57,1,2023-11-28,57.0,0.3157894736842105
333,1,38,147,99,2023-11-29,1.4848484848484849,0.2585034013605442
334,1,59,115,246,2023-11-30,0.46747967479674796,0.5130434782608696
335,1,55,46,164,2023-12-01,0.2804878048780488,1.1956521739130435
336,0,54,69,328,2023-12-02,0.21036585365853658,0.782608695652174
337,0,59,40,12,2023-12-03,3.3333333333333335,1.475
338,1,47,95,84,2023-12-04,1.130952380952381,0.49473684210526314
339,1,40,126,12,2023-12-05,10.5,0.31746031746031744
340,1,33,96,156,2023-12-06,0.6153846153846154,0.34375
341,1,39,133,36,2023-12-07,3.6944444444444446,0.2932330827067669
342,1,69,37,36,2023-12-08,1.0277777777777777,1.864864864864865
343,1,44,72,198,2023-12-09,0.36363636363636365,0.6111111111111112
344,1,23,93,31,2023-12-10,3.0,0.24731182795698925
345,0,67,55,64,2023-12-11,0.859375,1.2181818181818183
346,0,22,122,15,2023-12-12,8.133333333333333,0.18032786885245902
347,1,54,37,158,2023-12-13,0.23417721518987342,1.4594594594594594
348,1,51,90,36,2023-12-14,2.5,0.5666666666666667
349,1,37,118,141,2023-12-15,0.8368794326241135,0.3135593220338983
350,0,43,106,24,2023-12-16,4.416666666666667,0.4056603773584906
351,0,65,38,160,2023-12-17,0.2375,1.7105263157894737
352,0,60,134,292,2023-12-18,0.4589041095890411,0.44776119402985076
353,0,40,65,174,2023-12-19,0.3735632183908046,0.6153846153846154
354,0,42,124,92,2023-12-20,1.3478260869565217,0.3387096774193548
355,0,25,148,37,2023-12-21,4.0,0.16891891891891891
356,0,24,109,164,2023-12-22,0.6646341463414634,0.22018348623853212
357,0,51,65,22,2023-12-23,2.9545454545454546,0.7846153846153846
358,0,28,47,18,2023-12-24,2.611111111111111,0.5957446808510638
359,1,49,105,220,2023-12-25,0.4772727272727273,0.4666666666666667
360,1,30,78,176,2023-12-26,0.4431818181818182,0.38461538461538464
361,0,65,24,232,2023-12-27,0.10344827586206896,2.7083333333333335
362,0,46,111,153,2023-12-28,0.7254901960784313,0.4144144144144144
363,0,28,58,21,2023-12-29,2.761904761904762,0.4827586206896552
364,0,61,21,132,2023-12-30,0.1590909090909091,2.9047619047619047
365,1,55,136,32,2023-12-31,4.25,0.40441176470588236
366,1,35,70,56,2024-01-01,1.25,0.5
367,0,58,55,99,2024-01-02,0.5555555555555556,1.0545454545454545
368,1,33,127,88,2024-01-03,1.4431818181818181,0.25984251968503935
369,1,23,30,56,2024-01-04,0.5357142857142857,0.7666666666666667
370,0,64,71,166,2024-01-05,0.42771084337349397,0.9014084507042254
371,0,50,80,174,2024-01-06,0.45977011494252873,0.625
372,1,26,102,60,2024-01-07,1.7,0.2549019607843137
373,0,65,69,297,2024-01-08,0.23232323232323232,0.9420289855072463
374,0,49,44,31,2024-01-09,1.4193548387096775,1.1136363636363635
375,0,56,109,42,2024-01-10,2.5952380952380953,0.5137614678899083
376,0,45,82,33,2024-01-11,2.484848484848485,0.5487804878048781
377,0,22,50,196,2024-01-12,0.25510204081632654,0.44
378,0,56,41,90,2024-01-13,0.45555555555555555,1.3658536585365855
379,0,66,45,100,2024-01-14,0.45,1.4666666666666666
380,1,66,101,84,2024-01-15,1.2023809523809523,0.6534653465346535
381,1,41,25,108,2024-01-16,0.23148148148148148,1.64
382,1,38,122,60,2024-01-17,2.033333333333333,0.3114754098360656
383,0,53,32,112,2024-01-18,0.2857142857142857,1.65625
384,1,39,138,104,2024-01-19,1.3269230769230769,0.2826086956521739
385,0,50,90,14,2024-01-20,6.428571428571429,0.5555555555555556
386,1,46,81,80,2024-01-21,1.0125,0.5679012345679012
387,0,29,54,44,2024-01-22,1.2272727272727273,0.5370370370370371
388,1,64,109,47,2024-01-23,2.3191489361702127,0.5871559633027523
389,0,30,87,164,2024-01-24,0.5304878048780488,0.3448275862068966
390,0,52,37,201,2024-01-25,0.18407960199004975,1.4054054054054055
391,1,26,103,30,2024-01-26,3.433333333333333,0.2524271844660194
392,0,50,128,324,2024-01-27,0.3950617283950617,0.390625
393,0,44,120,40,2024-01-28,3.0,0.36666666666666664
394,0,69,34,340,2024-01-29,0.1,2.0294117647058822
395,1,34,38,29,2024-01-30,1.3103448275862069,0.8947368421052632
396,0,58,103,52,2024-01-31,1.9807692307692308,0.5631067961165048
397,1,65,43,30,2024-02-01,1.4333333333333333,1.5116279069767442
398,0,41,45,146,2024-02-02,0.3082191780821918,0.9111111111111111
399,0,30,131,360,2024-02-03,0.3638888888888889,0.22900763358778625
400,1,47,100,116,2024-02-04,0.8620689655172413,0.47
401,1,35,109,108,2024-02-05,1.0092592592592593,0.3211009174311927
402,0,59,68,178,2024-02-06,0.38202247191011235,0.8676470588235294
403,1,53,133,39,2024-02-07,3.41025641025641,0.39849624060150374
404,0,39,36,129,2024-02-08,0.27906976744186046,1.0833333333333333
405,0,57,119,8,2024-02-09,14.875,0.4789915966386555
406,0,18,149,7,2024-02-10,21.285714285714285,0.12080536912751678
407,1,54,57,124,2024-02-11,0.4596774193548387,0.9473684210526315
408,1,40,84,126,2024-02-12,0.6666666666666666,0.47619047619047616
409,1,50,65,6,2024-02-13,10.833333333333334,0.7692307692307693
410,0,41,141,162,2024-02-14,0.8703703703703703,0.2907801418439716
411,1,63,98,300,2024-02-15,0.32666666666666666,0.6428571428571429
412,1,48,78,39,2024-02-16,2.0,0.6153846153846154
413,1,65,123,40,2024-02-17,3.075,0.5284552845528455
414,1,53,116,64,2024-02-18,1.8125,0.45689655172413796
415,0,54,49,114,2024-02-19,0.4298245614035088,1.1020408163265305
416,1,24,115,135,2024-02-20,0.8518518518518519,0.20869565217391303
417,0,32,114,312,2024-02-21,0.36538461538461536,0.2807017543859649
418,1,63,22,54,2024-02-22,0.4074074074074074,2.8636363636363638
419,1,20,37,308,2024-02-23,0.12012987012987013,0.5405405405405406
420,1,33,71,89,2024-02-24,0.797752808988764,0.4647887323943662
421,0,66,123,192,2024-02-25,0.640625,0.5365853658536586
422,0,32,65,3,2024-02-26,21.666666666666668,0.49230769230769234
423,0,32,123,60,2024-02-27,2.05,0.2601626016260163
424,1,19,63,276,2024-02-28,0.22826086956521738,0.30158730158730157
425,1,67,94,156,2024-02-29,0.6025641025641025,0.7127659574468085
426,0,40,110,220,2024-03-01,0.5,0.36363636363636365
427,0,46,133,111,2024-03-02,1.1981981981981982,0.3458646616541353
428,0,30,114,112,2024-03-03,1.0178571428571428,0.2631578947368421
429,0,45,56,80,2024-03-04,0.7,0.8035714285714286
430,1,54,64,81,2024-03-05,0.7901234567901234,0.84375
431,0,65,27,52,2024-03-06,0.5192307692307693,2.4074074074074074
432,0,37,133,110,2024-03-07,1.209090909090909,0.2781954887218045
433,1,66,106,380,2024-03-08,0.2789473684210526,0.6226415094339622
434,0,28,140,192,2024-03-09,0.7291666666666666,0.2
435,0,52,25,198,2024-03-10,0.12626262626262627,2.08
436,0,23,58,154,2024-03-11,0.37662337662337664,0.39655172413793105
437,1,50,66,146,2024-03-12,0.4520547945205479,0.7575757575757576
438,0,31,41,234,2024-03-13,0.1752136752136752,0.7560975609756098
439,1,63,83,68,2024-03-14,1.2205882352941178,0.7590361445783133
440,0,24,36,336,2024-03-15,0.10714285714285714,0.6666666666666666
441,0,30,28,20,2024-03-16,1.4,1.0714285714285714
442,1,51,70,2,2024-03-17,35.0,0.7285714285714285
443,1,30,137,114,2024-03-18,1.2017543859649122,0.21897810218978103
444,0,67,112,116,2024-03-19,0.9655172413793104,0.5982142857142857
445,0,56,26,192,2024-03-20,0.13541666666666666,2.1538461538461537
446,1,62,22,160,2024-03-21,0.1375,2.8181818181818183
447,1,52,120,141,2024-03-22,0.851063829787234,0.43333333333333335
448,0,33,72,336,2024-03-23,0.21428571428571427,0.4583333333333333
449,0,36,119,148,2024-03-24,0.8040540540540541,0.3025210084033613
450,1,25,36,84,2024-03-25,0.42857142857142855,0.6944444444444444
451,1,52,49,38,2024-03-26,1.2894736842105263,1.0612244897959184
452,1,25,112,63,2024-03-27,1.7777777777777777,0.22321428571428573
453,0,55,40,177,2024-03-28,0.22598870056497175,1.375
454,0,26,91,3,2024-03-29,30.333333333333332,0.2857142857142857
455,0,19,106,165,2024-03-30,0.6424242424242425,0.1792452830188679
456,1,35,85,192,2024-03-31,0.4427083333333333,0.4117647058823529
457,0,26,48,27,2024-04-01,1.7777777777777777,0.5416666666666666
458,0,31,124,26,2024-04-02,4.769230769230769,0.25
459,1,55,127,142,2024-04-03,0.8943661971830986,0.4330708661417323
460,1,60,117,112,2024-04-04,1.0446428571428572,0.5128205128205128
461,1,57,113,108,2024-04-05,1.0462962962962963,0.504424778761062
462,0,65,93,12,2024-04-06,7.75,0.6989247311827957
463,0,19,38,84,2024-04-07,0.4523809523809524,0.5
464,1,42,29,40,2024-04-08,0.725,1.4482758620689655
465,1,54,33,192,2024-04-09,0.171875,1.6363636363636365
466,0,65,91,123,2024-04-10,0.7398373983739838,0.7142857142857143
467,1,51,56,48,2024-04-11,1.1666666666666667,0.9107142857142857
468,1,57,83,248,2024-04-12,0.3346774193548387,0.6867469879518072
469,0,69,110,312,2024-04-13,0.3525641025641026,0.6272727272727273
470,1,51,143,198,2024-04-14,0.7222222222222222,0.35664335664335667
471,0,64,127,17,2024-04-15,7.470588235294118,0.5039370078740157
472,1,69,143,12,2024-04-16,11.916666666666666,0.4825174825174825
473,1,61,95,118,2024-04-17,0.8050847457627118,0.6421052631578947
474,0,45,119,9,2024-04-18,13.222222222222221,0.37815126050420167
475,1,30,125,195,2024-04-19,0.6410256410256411,0.24
476,1,68,29,56,2024-04-20,0.5178571428571429,2.3448275862068964
477,1,35,121,308,2024-04-21,0.39285714285714285,0.2892561983471074
478,0,33,61,54,2024-04-22,1.1296296296296295,0.5409836065573771
479,0,51,122,124,2024-04-23,0.9838709677419355,0.4180327868852459
480,0,29,101,384,2024-04-24,0.2630208333333333,0.2871287128712871
481,0,60,40,26,2024-04-25,1.5384615384615385,1.5
482,0,26,61,87,2024-04-26,0.7011494252873564,0.4262295081967213
483,1,63,60,78,2024-04-27,0.7692307692307693,1.05
484,0,18,97,150,2024-04-28,0.6466666666666666,0.18556701030927836
485,1,40,48,186,2024-04-29,0.25806451612903225,0.8333333333333334
486,0,24,38,16,2024-04-30,2.375,0.631578947368421
487,0,34,59,168,2024-05-01,0.35119047619047616,0.576271186440678
488,1,45,100,83,2024-05-02,1.2048192771084338,0.45
489,0,51,110,27,2024-05-03,4.074074074074074,0.4636363636363636
490,0,57,125,108,2024-05-04,1.1574074074074074,0.456
491,1,33,82,240,2024-05-05,0.3416666666666667,0.4024390243902439
492,1,68,92,19,2024-05-06,4.842105263157895,0.7391304347826086
493,1,46,119,142,2024-05-07,0.8380281690140845,0.3865546218487395
494,0,50,47,135,2024-05-08,0.34814814814814815,1.0638297872340425
495,1,52,47,48,2024-05-09,0.9791666666666666,1.1063829787234043
496,1,68,112,60,2024-05-10,1.8666666666666667,0.6071428571428571
497,0,39,69,138,2024-05-11,0.5,0.5652173913043478
498,0,62,81,201,2024-05-12,0.40298507462686567,0.7654320987654321
499,0,64,112,105,2024-05-13,1.0666666666666667,0.5714285714285714
500,0,48,117,200,2024-05-14,0.585,0.41025641025641024
501,1,52,32,96,2024-05-15,0.3333333333333333,1.625
502,1,64,96,156,2024-05-16,0.6153846153846154,0.6666666666666666
503,1,25,38,192,2024-05-17,0.19791666666666666,0.6578947368421053
504,1,50,123,138,2024-05-18,0.8913043478260869,0.4065040650406504
505,1,56,97,324,2024-05-19,0.2993827160493827,0.5773195876288659
506,0,66,149,6,2024-05-20,24.833333333333332,0.4429530201342282
507,1,30,119,117,2024-05-21,1.017094017094017,0.25210084033613445
508,1,39,43,296,2024-05-22,0.14527027027027026,0.9069767441860465
509,1,26,107,352,2024-05-23,0.3039772727272727,0.24299065420560748
510,1,47,106,75,2024-05-24,1.4133333333333333,0.44339622641509435
511,0,33,21,32,2024-05-25,0.65625,1.5714285714285714
512,1,59,95,4,2024-05-26,23.75,0.6210526315789474
513,1,28,60,216,2024-05-27,0.2777777777777778,0.4666666666666667
514,0,24,70,320,2024-05-28,0.21875,0.34285714285714286
515,1,21,77,332,2024-05-29,0.2319277108433735,0.2727272727272727
516,0,23,80,87,2024-05-30,0.9195402298850575,0.2875
517,1,42,67,364,2024-05-31,0.18406593406593408,0.6268656716417911
518,0,68,147,40,2024-06-01,3.675,0.46258503401360546
519,0,53,96,88,2024-06-02,1.0909090909090908,0.5520833333333334
520,0,27,97,37,2024-06-03,2.6216216216216215,0.27835051546391754
521,0,67,27,46,2024-06-04,0.5869565217391305,2.4814814814814814
522,0,19,72,144,2024-06-05,0.5,0.2638888888888889
523,1,41,99,120,2024-06-06,0.825,0.41414141414141414
524,1,39,96,61,2024-06-07,1.5737704918032787,0.40625
525,1,29,24,18,2024-06-08,1.3333333333333333,1.2083333333333333
526,0,44,96,80,2024-06-09,1.2,0.4583333333333333
527,1,32,116,195,2024-06-10,0.5948717948717949,0.27586206896551724
528,1,68,50,132,2024-06-11,0.3787878787878788,1.36
529,1,68,144,35,2024-06-12,4.114285714285714,0.4722222222222222
530,0,63,66,288,2024-06-13,0.22916666666666666,0.9545454545454546
531,0,33,20,86,2024-06-14,0.23255813953488372,1.65
532,0,38,123,99,2024-06-15,1.2424242424242424,0.3089430894308943
533,1,39,21,164,2024-06-16,0.12804878048780488,1.8571428571428572
534,1,27,24,56,2024-06-17,0.42857142857142855,1.125
535,0,36,78,284,2024-06-18,0.2746478873239437,0.46153846153846156
536,1,48,26,189,2024-06-19,0.13756613756613756,1.8461538461538463
537,0,39,36,27,2024-06-20,1.3333333333333333,1.0833333333333333
538,0,62,126,70,2024-06-21,1.8,0.49206349206349204
539,0,68,104,20,2024-06-22,5.2,0.6538461538461539
540,0,51,129,28,2024-06-23,4.607142857142857,0.3953488372093023
541,0,35,72,15,2024-06-24,4.8,0.4861111111111111
542,1,40,68,66,2024-06-25,1.0303030303030303,0.5882352941176471
543,0,57,56,194,2024-06-26,0.28865979381443296,1.0178571428571428
544,1,38,75,344,2024-06-27,0.2180232558139535,0.5066666666666667
545,1,52,96,372,2024-06-28,0.25806451612903225,0.5416666666666666
546,1,29,106,128,2024-06-29,0.828125,0.27358490566037735
547,0,30,75,260,2024-06-30,0.28846153846153844,0.4
548,1,50,103,216,2024-07-01,0.47685185185185186,0.4854368932038835
549,0,31,115,188,2024-07-02,0.6117021276595744,0.26956521739130435
550,1,18,35,51,2024-07-03,0.6862745098039216,0.5142857142857142
551,0,30,137,56,2024-07-04,2.4464285714285716,0.21897810218978103
552,1,44,114,64,2024-07-05,1.78125,0.38596491228070173
553,0,27,27,69,2024-07-06,0.391304347826087,1.0
554,1,32,98,78,2024-07-07,1.2564102564102564,0.32653061224489793
555,1,28,55,78,2024-07-08,0.7051282051282052,0.509090909090909
556,1,18,124,255,2024-07-09,0.48627450980392156,0.14516129032258066
557,0,51,47,70,2024-07-10,0.6714285714285714,1.0851063829787233
558,1,59,65,75,2024-07-11,0.8666666666666667,0.9076923076923077
559,0,29,84,122,2024-07-12,0.6885245901639344,0.34523809523809523
560,1,45,141,168,2024-07-13,0.8392857142857143,0.3191489361702128
561,0,55,72,192,2024-07-14,0.375,0.7638888888888888
562,0,39,126,21,2024-07-15,6.0,0.30952380952380953
563,1,24,56,288,2024-07-16,0.19444444444444445,0.42857142857142855
564,1,23,30,130,2024-07-17,0.23076923076923078,0.7666666666666667
565,1,28,92,51,2024-07-18,1.803921568627451,0.30434782608695654
566,1,34,96,59,2024-07-19,1.6271186440677967,0.3541666666666667
567,1,31,23,36,2024-07-20,0.6388888888888888,1.3478260869565217
568,0,41,120,117,2024-07-21,1.0256410256410255,0.3416666666666667
569,0,55,23,40,2024-07-22,0.575,2.391304347826087
570,1,19,139,99,2024-07-23,1.404040404040404,0.1366906474820144
571,0,42,47,376,2024-07-24,0.125,0.8936170212765957
572,0,23,145,53,2024-07-25,2.7358490566037736,0.15862068965517243
573,0,69,73,194,2024-07-26,0.37628865979381443,0.9452054794520548
574,1,20,31,116,2024-07-27,0.2672413793103448,0.6451612903225806
575,0,19,148,68,2024-07-28,2.176470588235294,0.12837837837837837
576,0,18,116,92,2024-07-29,1.2608695652173914,0.15517241379310345
577,1,41,44,15,2024-07-30,2.933333333333333,0.9318181818181818
578,1,49,46,2,2024-07-31,23.0,1.065217391304348
579,0,28,58,176,2024-08-01,0.32954545454545453,0.4827586206896552
580,0,34,25,236,2024-08-02,0.1059322033898305,1.36
581,1,57,33,72,2024-08-03,0.4583333333333333,1.7272727272727273
582,0,64,138,171,2024-08-04,0.8070175438596491,0.463768115942029
583,1,31,97,222,2024-08-05,0.4369369369369369,0.31958762886597936
584,1,34,115,132,2024-08-06,0.8712121212121212,0.2956521739130435
585,0,66,148,52,2024-08-07,2.8461538461538463,0.44594594594594594
586,0,67,52,148,2024-08-08,0.35135135135135137,1.2884615384615385
587,1,53,23,122,2024-08-09,0.1885245901639344,2.3043478260869565
588,0,25,76,88,2024-08-10,0.8636363636363636,0.32894736842105265
589,0,36,127,132,2024-08-11,0.9621212121212122,0.28346456692913385
590,1,34,129,248,2024-08-12,0.5201612903225806,0.26356589147286824
591,1,54,70,39,2024-08-13,1.794871794871795,0.7714285714285715
592,1,18,21,26,2024-08-14,0.8076923076923077,0.8571428571428571
593,1,53,20,135,2024-08-15,0.14814814814814814,2.65
594,0,22,142,24,2024-08-16,5.916666666666667,0.15492957746478872
595,1,54,23,70,2024-08-17,0.32857142857142857,2.347826086956522
596,1,39,125,78,2024-08-18,1.6025641025641026,0.312
597,1,36,27,51,2024-08-19,0.5294117647058824,1.3333333333333333
598,0,52,53,153,2024-08-20,0.3464052287581699,0.9811320754716981
599,1,34,70,204,2024-08-21,0.3431372549019608,0.4857142857142857
600,0,56,59,61,2024-08-22,0.9672131147540983,0.9491525423728814
601,1,27,112,158,2024-08-23,0.7088607594936709,0.24107142857142858
602,1,65,116,376,2024-08-24,0.30851063829787234,0.5603448275862069
603,1,44,141,212,2024-08-25,0.6650943396226415,0.3120567375886525
604,1,58,114,76,2024-08-26,1.5,0.5087719298245614
605,0,49,36,198,2024-08-27,0.18181818181818182,1.3611111111111112
606,0,30,34,117,2024-08-28,0.2905982905982906,0.8823529411764706
607,1,42,33,8,2024-08-29,4.125,1.2727272727272727
608,1,61,21,73,2024-08-30,0.2876712328767123,2.9047619047619047
609,0,41,53,110,2024-08-31,0.4818181818181818,0.7735849056603774
610,1,37,98,7,2024-09-01,14.0,0.37755102040816324
611,0,24,71,45,2024-09-02,1.5777777777777777,0.3380281690140845
612,0,64,60,2,2024-09-03,30.0,1.0666666666666667
613,1,54,96,25,2024-09-04,3.84,0.5625
614,1,57,64,32,2024-09-05,2.0,0.890625
615,1,40,123,156,2024-09-06,0.7884615384615384,0.3252032520325203
616,1,44,60,144,2024-09-07,0.4166666666666667,0.7333333333333333
617,0,56,148,59,2024-09-08,2.5084745762711864,0.3783783783783784
618,1,32,122,8,2024-09-09,15.25,0.26229508196721313
619,1,19,22,6,2024-09-10,3.6666666666666665,0.8636363636363636
620,0,54,123,38,2024-09-11,3.236842105263158,0.43902439024390244
621,0,21,25,213,2024-09-12,0.11737089201877934,0.84
622,0,67,104,60,2024-09-13,1.7333333333333334,0.6442307692307693
623,1,60,92,28,2024-09-14,3.2857142857142856,0.6521739130434783
624,1,45,61,114,2024-09-15,0.5350877192982456,0.7377049180327869
625,0,22,47,22,2024-09-16,2.1363636363636362,0.46808510638297873
626,1,25,27,24,2024-09-17,1.125,0.9259259259259259
627,0,50,88,114,2024-09-18,0.7719298245614035,0.5681818181818182
628,1,36,121,12,2024-09-19,10.083333333333334,0.2975206611570248
629,1,51,84,117,2024-09-20,0.717948717948718,0.6071428571428571
630,1,56,97,22,2024-09-21,4.409090909090909,0.5773195876288659
631,0,21,143,304,2024-09-22,0.47039473684210525,0.14685314685314685
632,1,43,65,207,2024-09-23,0.3140096618357488,0.6615384615384615
633,1,38,144,29,2024-09-24,4.9655172413793105,0.2638888888888889
634,1,33,84,237,2024-09-25,0.35443037974683544,0.39285714285714285
635,0,33,133,249,2024-09-26,0.5341365461847389,0.24812030075187969
636,0,65,28,59,2024-09-27,0.4745762711864407,2.3214285714285716
637,0,28,88,165,2024-09-28,0.5333333333333333,0.3181818181818182
638,0,19,22,32,2024-09-29,0.6875,0.8636363636363636
639,0,32,43,21,2024-09-30,2.0476190476190474,0.7441860465116279
640,1,27,28,89,2024-10-01,0.3146067415730337,0.9642857142857143
641,1,56,89,60,2024-10-02,1.4833333333333334,0.6292134831460674
642,1,26,65,96,2024-10-03,0.6770833333333334,0.4
643,1,40,95,162,2024-10-04,0.5864197530864198,0.42105263157894735
644,0,51,71,3,2024-10-05,23.666666666666668,0.7183098591549296
645,1,47,136,60,2024-10-06,2.2666666666666666,0.34558823529411764
646,0,54,95,76,2024-10-07,1.25,0.5684210526315789
647,1,47,138,141,2024-10-08,0.9787234042553191,0.34057971014492755
648,0,64,118,64,2024-10-09,1.84375,0.5423728813559322
649,0,58,48,234,2024-10-10,0.20512820512820512,1.2083333333333333
650,1,44,52,24,2024-10-11,2.1666666666666665,0.8461538461538461
651,1,44,130,105,2024-10-12,1.2380952380952381,0.3384615384615385
652,0,63,108,50,2024-10-13,2.16,0.5833333333333334
653,0,36,137,88,2024-10-14,1.5568181818181819,0.26277372262773724
654,1,48,69,95,2024-10-15,0.7263157894736842,0.6956521739130435
655,0,47,149,212,2024-10-16,0.7028301886792453,0.31543624161073824
656,0,42,86,160,2024-10-17,0.5375,0.4883720930232558
657,1,40,141,60,2024-10-18,2.35,0.28368794326241137
658,0,68,135,58,2024-10-19,2.3275862068965516,0.5037037037037037
659,0,47,93,8,2024-10-20,11.625,0.5053763440860215
660,1,33,37,94,2024-10-21,0.39361702127659576,0.8918918918918919
661,0,48,50,100,2024-10-22,0.5,0.96
662,1,44,92,156,2024-10-23,0.5897435897435898,0.4782608695652174
663,1,67,146,44,2024-10-24,3.3181818181818183,0.4589041095890411
664,1,35,124,336,2024-10-25,0.36904761904761907,0.28225806451612906
665,1,25,31,6,2024-10-26,5.166666666666667,0.8064516129032258
666,1,62,129,2,2024-10-27,64.5,0.4806201550387597
667,1,60,139,156,2024-10-28,0.8910256410256411,0.4316546762589928
668,1,39,68,26,2024-10-29,2.6153846153846154,0.5735294117647058
669,0,40,59,392,2024-10-30,0.15051020408163265,0.6779661016949152
670,1,52,26,76,2024-10-31,0.34210526315789475,2.0
671,1,21,88,156,2024-11-01,0.5641025641025641,0.23863636363636365
672,1,23,54,352,2024-11-02,0.1534090909090909,0.42592592592592593
673,1,39,21,61,2024-11-03,0.3442622950819672,1.8571428571428572
674,0,68,58,11,2024-11-04,5.2727272727272725,1.1724137931034482
675,1,28,90,153,2024-11-05,0.5882352941176471,0.3111111111111111
676,1,22,118,34,2024-11-06,3.4705882352941178,0.1864406779661017
677,0,52,53,336,2024-11-07,0.15773809523809523,0.9811320754716981
678,0,33,25,154,2024-11-08,0.16233766233766234,1.32
679,0,28,143,236,2024-11-09,0.6059322033898306,0.1958041958041958
680,0,39,37,200,2024-11-10,0.185,1.054054054054054
681,1,26,116,90,2024-11-11,1.288888888888889,0.22413793103448276
682,0,48,53,30,2024-11-12,1.7666666666666666,0.9056603773584906
683,1,58,47,76,2024-11-13,0.618421052631579,1.2340425531914894
684,0,25,24,29,2024-11-14,0.8275862068965517,1.0416666666666667
685,0,46,89,90,2024-11-15,0.9888888888888889,0.5168539325842697
686,1,62,71,192,2024-11-16,0.3697916666666667,0.8732394366197183
687,0,63,61,52,2024-11-17,1.1730769230769231,1.0327868852459017
688,0,38,127,84,2024-11-18,1.5119047619047619,0.2992125984251969
689,0,46,55,176,2024-11-19,0.3125,0.8363636363636363
690,0,52,110,152,2024-11-20,0.7236842105263158,0.4727272727272727
691,0,57,146,35,2024-11-21,4.171428571428572,0.3904109589041096
692,0,44,54,61,2024-11-22,0.8852459016393442,0.8148148148148148
693,0,39,91,57,2024-11-23,1.5964912280701755,0.42857142857142855
694,0,19,131,228,2024-11-24,0.5745614035087719,0.1450381679389313
695,0,26,147,7,2024-11-25,21.0,0.17687074829931973
696,0,27,78,90,2024-11-26,0.8666666666666667,0.34615384615384615
697,1,39,118,178,2024-11-27,0.6629213483146067,0.3305084745762712
698,1,22,118,64,2024-11-28,1.84375,0.1864406779661017
699,0,31,71,288,2024-11-29,0.2465277777777778,0.43661971830985913
700,1,47,126,64,2024-11-30,1.96875,0.373015873015873
701,0,53,135,39,2024-12-01,3.4615384615384617,0.3925925925925926
702,0,25,132,174,2024-12-02,0.7586206896551724,0.1893939393939394
703,0,58,56,261,2024-12-03,0.21455938697318008,1.0357142857142858
704,0,63,94,128,2024-12-04,0.734375,0.6702127659574468
705,1,33,93,32,2024-12-05,2.90625,0.3548387096774194
706,0,45,123,236,2024-12-06,0.5211864406779662,0.36585365853658536
707,0,44,38,188,2024-12-07,0.20212765957446807,1.1578947368421053
708,0,32,101,14,2024-12-08,7.214285714285714,0.31683168316831684
709,0,22,78,152,2024-12-09,0.5131578947368421,0.28205128205128205
710,0,50,112,60,2024-12-10,1.8666666666666667,0.44642857142857145
711,0,39,65,48,2024-12-11,1.3541666666666667,0.6
712,1,19,32,240,2024-12-12,0.13333333333333333,0.59375
713,1,36,108,81,2024-12-13,1.3333333333333333,0.3333333333333333
714,1,21,30,183,2024-12-14,0.16393442622950818,0.7
715,0,28,80,294,2024-12-15,0.272108843537415,0.35
716,0,66,91,106,2024-12-16,0.8584905660377359,0.7252747252747253
717,0,45,47,81,2024-12-17,0.5802469135802469,0.9574468085106383
718,0,62,38,198,2024-12-18,0.1919191919191919,1.631578947368421
719,1,59,88,336,2024-12-19,0.2619047619047619,0.6704545454545454
720,1,50,147,171,2024-12-20,0.8596491228070176,0.3401360544217687
721,0,48,73,56,2024-12-21,1.3035714285714286,0.6575342465753424
722,0,48,94,57,2024-12-22,1.6491228070175439,0.5106382978723404
723,0,38,52,174,2024-12-23,0.2988505747126437,0.7307692307692307
724,1,46,35,100,2024-12-24,0.35,1.3142857142857143
725,1,27,33,132,2024-12-25,0.25,0.8181818181818182
726,1,51,59,48,2024-12-26,1.2291666666666667,0.864406779661017
727,0,23,65,52,2024-12-27,1.25,0.35384615384615387
728,0,40,101,13,2024-12-28,7.769230769230769,0.39603960396039606
729,1,45,23,312,2024-12-29,0.07371794871794872,1.9565217391304348
730,0,30,138,70,2024-12-30,1.9714285714285715,0.21739130434782608
731,0,47,81,141,2024-12-31,0.574468085106383,0.5802469135802469
732,0,19,36,12,2025-01-01,3.0,0.5277777777777778
733,1,58,116,24,2025-01-02,4.833333333333333,0.5
734,0,36,59,249,2025-01-03,0.23694779116465864,0.6101694915254238
735,0,25,37,100,2025-01-04,0.37,0.6756756756756757
736,1,21,146,76,2025-01-05,1.9210526315789473,0.14383561643835616
737,1,50,137,232,2025-01-06,0.5905172413793104,0.36496350364963503
738,0,66,87,84,2025-01-07,1.0357142857142858,0.7586206896551724
739,0,47,96,92,2025-01-08,1.0434782608695652,0.4895833333333333
740,0,57,58,111,2025-01-09,0.5225225225225225,0.9827586206896551
741,0,38,24,186,2025-01-10,0.12903225806451613,1.5833333333333333
742,1,19,135,16,2025-01-11,8.4375,0.14074074074074075
743,0,58,118,392,2025-01-12,0.3010204081632653,0.4915254237288136
744,0,55,38,52,2025-01-13,0.7307692307692307,1.4473684210526316
745,0,34,67,10,2025-01-14,6.7,0.5074626865671642
746,1,57,143,159,2025-01-15,0.89937106918239,0.3986013986013986
747,0,29,35,104,2025-01-16,0.33653846153846156,0.8285714285714286
748,0,43,99,228,2025-01-17,0.4342105263157895,0.43434343434343436
749,0,19,146,68,2025-01-18,2.1470588235294117,0.13013698630136986
750,0,47,80,92,2025-01-19,0.8695652173913043,0.5875
751,0,48,115,4,2025-01-20,28.75,0.41739130434782606
752,0,19,87,49,2025-01-21,1.7755102040816326,0.21839080459770116
753,0,34,145,2,2025-01-22,72.5,0.23448275862068965
754,1,48,52,176,2025-01-23,0.29545454545454547,0.9230769230769231
755,0,69,120,128,2025-01-24,0.9375,0.575
756,1,59,82,82,2025-01-25,1.0,0.7195121951219512
757,0,21,104,45,2025-01-26,2.311111111111111,0.20192307692307693
758,1,32,115,59,2025-01-27,1.9491525423728813,0.2782608695652174
759,1,58,54,196,2025-01-28,0.2755102040816326,1.0740740740740742
760,1,40,55,28,2025-01-29,1.9642857142857142,0.7272727272727273
761,1,61,37,240,2025-01-30,0.15416666666666667,1.6486486486486487
762,1,20,85,255,2025-01-31,0.3333333333333333,0.23529411764705882
763,1,46,20,237,2025-02-01,0.08438818565400844,2.3
764,1,55,55,72,2025-02-02,0.7638888888888888,1.0
765,1,29,79,36,2025-02-03,2.1944444444444446,0.3670886075949367
766,1,33,84,27,2025-02-04,3.111111111111111,0.39285714285714285
767,0,19,41,244,2025-02-05,0.1680327868852459,0.4634146341463415
768,0,66,56,285,2025-02-06,0.19649122807017544,1.1785714285714286
769,0,45,73,80,2025-02-07,0.9125,0.6164383561643836
770,1,48,77,75,2025-02-08,1.0266666666666666,0.6233766233766234
771,0,24,79,56,2025-02-09,1.4107142857142858,0.3037974683544304
772,1,19,120,83,2025-02-10,1.4457831325301205,0.15833333333333333
773,1,51,126,67,2025-02-11,1.8805970149253732,0.40476190476190477
774,1,66,107,336,2025-02-12,0.31845238095238093,0.616822429906542
775,1,41,147,81,2025-02-13,1.8148148148148149,0.2789115646258503
776,1,59,89,138,2025-02-14,0.644927536231884,0.6629213483146067
777,1,27,67,92,2025-02-15,0.7282608695652174,0.40298507462686567
778,1,20,32,66,2025-02-16,0.48484848484848486,0.625
779,1,30,120,66,2025-02-17,1.8181818181818181,0.25
780,0,54,111,54,2025-02-18,2.0555555555555554,0.4864864864864865
781,1,59,119,220,2025-02-19,0.5409090909090909,0.4957983193277311
782,1,49,146,23,2025-02-20,6.3478260869565215,0.3356164383561644
783,0,48,132,140,2025-02-21,0.9428571428571428,0.36363636363636365
784,1,47,73,43,2025-02-22,1.697674418604651,0.6438356164383562
785,0,42,146,234,2025-02-23,0.6239316239316239,0.2876712328767123
786,0,18,73,220,2025-02-24,0.33181818181818185,0.2465753424657534
787,1,59,96,64,2025-02-25,1.5,0.6145833333333334
788,0,31,37,126,2025-02-26,0.29365079365079366,0.8378378378378378
789,0,25,41,279,2025-02-27,0.14695340501792115,0.6097560975609756
790,1,62,70,216,2025-02-28,0.32407407407407407,0.8857142857142857
791,1,67,144,328,2025-03-01,0.43902439024390244,0.4652777777777778
792,1,39,22,112,2025-03-02,0.19642857142857142,1.7727272727272727
793,1,54,57,258,2025-03-03,0.22093023255813954,0.9473684210526315
794,0,38,35,276,2025-03-04,0.12681159420289856,1.0857142857142856
795,1,63,89,42,2025-03-05,2.119047619047619,0.7078651685393258
796,1,30,24,92,2025-03-06,0.2608695652173913,1.25
797,1,46,25,248,2025-03-07,0.10080645161290322,1.84
798,1,63,38,90,2025-03-08,0.4222222222222222,1.6578947368421053
799,1,44,56,231,2025-03-09,0.24242424242424243,0.7857142857142857
800,1,50,110,261,2025-03-10,0.421455938697318,0.45454545454545453
801,0,46,48,368,2025-03-11,0.13043478260869565,0.9583333333333334
802,1,67,50,260,2025-03-12,0.19230769230769232,1.34
803,0,60,138,240,2025-03-13,0.575,0.43478260869565216
804,0,65,73,152,2025-03-14,0.48026315789473684,0.8904109589041096
805,1,63,109,120,2025-03-15,0.9083333333333333,0.5779816513761468
806,0,48,45,62,2025-03-16,0.7258064516129032,1.0666666666666667
807,1,31,26,35,2025-03-17,0.7428571428571429,1.1923076923076923
808,1,37,52,376,2025-03-18,0.13829787234042554,0.7115384615384616
809,0,19,102,3,2025-03-19,34.0,0.18627450980392157
810,1,28,148,150,2025-03-20,0.9866666666666667,0.1891891891891892
811,1,59,61,276,2025-03-21,0.2210144927536232,0.9672131147540983
812,0,39,91,243,2025-03-22,0.37448559670781895,0.42857142857142855
813,0,43,88,83,2025-03-23,1.0602409638554218,0.48863636363636365
814,1,21,38,36,2025-03-24,1.0555555555555556,0.5526315789473685
815,0,37,143,118,2025-03-25,1.2118644067796611,0.25874125874125875
816,0,61,59,180,2025-03-26,0.3277777777777778,1.0338983050847457
817,0,52,111,128,2025-03-27,0.8671875,0.46846846846846846
818,0,18,125,140,2025-03-28,0.8928571428571429,0.144
819,0,67,63,164,2025-03-29,0.38414634146341464,1.0634920634920635
820,0,60,40,68,2025-03-30,0.5882352941176471,1.5
821,1,19,43,212,2025-03-31,0.2028301886792453,0.4418604651162791
822,1,22,57,268,2025-04-01,0.2126865671641791,0.38596491228070173
823,1,59,30,56,2025-04-02,0.5357142857142857,1.9666666666666666
824,0,19,25,172,2025-04-03,0.14534883720930233,0.76
825,1,41,114,36,2025-04-04,3.1666666666666665,0.35964912280701755
826,1,58,53,120,2025-04-05,0.44166666666666665,1.0943396226415094
827,0,53,65,231,2025-04-06,0.2813852813852814,0.8153846153846154
828,0,56,43,165,2025-04-07,0.2606060606060606,1.302325581395349
829,0,34,109,9,2025-04-08,12.11111111111111,0.3119266055045872
830,0,27,132,93,2025-04-09,1.4193548387096775,0.20454545454545456
831,1,20,131,104,2025-04-10,1.2596153846153846,0.15267175572519084
832,0,19,100,94,2025-04-11,1.0638297872340425,0.19
833,1,23,67,280,2025-04-12,0.2392857142857143,0.34328358208955223
834,0,53,87,81,2025-04-13,1.0740740740740742,0.6091954022988506
835,0,48,76,116,2025-04-14,0.6551724137931034,0.631578947368421
836,1,26,123,172,2025-04-15,0.7151162790697675,0.21138211382113822
837,0,34,56,18,2025-04-16,3.111111111111111,0.6071428571428571
838,1,53,55,44,2025-04-17,1.25,0.9636363636363636
839,0,22,147,216,2025-04-18,0.6805555555555556,0.14965986394557823
840,0,43,133,150,2025-04-19,0.8866666666666667,0.3233082706766917
841,1,31,69,228,2025-04-20,0.3026315789473684,0.4492753623188406
842,0,41,123,68,2025-04-21,1.8088235294117647,0.3333333333333333
843,1,54,98,32,2025-04-22,3.0625,0.5510204081632653
844,1,49,75,93,2025-04-23,0.8064516129032258,0.6533333333333333
845,1,51,116,180,2025-04-24,0.6444444444444445,0.4396551724137931
846,1,58,55,332,2025-04-25,0.16566265060240964,1.0545454545454545
847,1,44,70,70,2025-04-26,1.0,0.6285714285714286
848,0,33,127,270,2025-04-27,0.4703703703703704,0.25984251968503935
849,1,48,74,396,2025-04-28,0.18686868686868688,0.6486486486486487
850,1,41,91,96,2025-04-29,0.9479166666666666,0.45054945054945056
851,1,48,73,108,2025-04-30,0.6759259259259259,0.6575342465753424
852,1,45,44,106,2025-05-01,0.41509433962264153,1.0227272727272727
853,1,21,117,90,2025-05-02,1.3,0.1794871794871795
854,0,27,63,236,2025-05-03,0.2669491525423729,0.42857142857142855
855,0,28,96,142,2025-05-04,0.676056338028169,0.2916666666666667
856,1,32,145,60,2025-05-05,2.4166666666666665,0.2206896551724138
857,0,38,79,256,2025-05-06,0.30859375,0.4810126582278481
858,0,56,24,98,2025-05-07,0.24489795918367346,2.3333333333333335
859,1,21,127,29,2025-05-08,4.379310344827586,0.16535433070866143
860,1,47,51,24,2025-05-09,2.125,0.9215686274509803
861,0,35,89,380,2025-05-10,0.23421052631578948,0.39325842696629215
862,1,59,37,83,2025-05-11,0.4457831325301205,1.5945945945945945
863,0,31,99,153,2025-05-12,0.6470588235294118,0.31313131313131315
864,0,53,115,372,2025-05-13,0.30913978494623656,0.4608695652173913
865,0,63,93,138,2025-05-14,0.6739130434782609,0.6774193548387096
866,0,40,108,54,2025-05-15,2.0,0.37037037037037035
867,1,36,44,24,2025-05-16,1.8333333333333333,0.8181818181818182
868,1,60,60,24,2025-05-17,2.5,1.0
869,1,22,56,28,2025-05-18,2.0,0.39285714285714285
870,1,19,24,180,2025-05-19,0.13333333333333333,0.7916666666666666
871,0,39,84,28,2025-05-20,3.0,0.4642857142857143
872,0,38,52,10,2025-05-21,5.2,0.7307692307692307
873,1,52,128,28,2025-05-22,4.571428571428571,0.40625
874,1,45,59,162,2025-05-23,0.36419753086419754,0.7627118644067796
875,1,64,109,22,2025-05-24,4.954545454545454,0.5871559633027523
876,1,60,97,232,2025-05-25,0.41810344827586204,0.6185567010309279
877,0,51,85,18,2025-05-26,4.722222222222222,0.6
878,0,60,61,184,2025-05-27,0.33152173913043476,0.9836065573770492
879,1,60,85,116,2025-05-28,0.7327586206896551,0.7058823529411765
880,1,65,125,285,2025-05-29,0.43859649122807015,0.52
881,0,69,56,14,2025-05-30,4.0,1.2321428571428572
882,0,58,115,14,2025-05-31,8.214285714285714,0.5043478260869565
883,1,24,70,135,2025-06-01,0.5185185185185185,0.34285714285714286
884,1,27,105,70,2025-06-02,1.5,0.2571428571428571
885,1,46,140,174,2025-06-03,0.8045977011494253,0.32857142857142857
886,0,63,28,26,2025-06-04,1.0769230769230769,2.25
887,1,19,41,25,2025-06-05,1.64,0.4634146341463415
888,1,57,108,176,2025-06-06,0.6136363636363636,0.5277777777777778
889,0,58,146,160,2025-06-07,0.9125,0.3972602739726027
890,0,34,78,288,2025-06-08,0.2708333333333333,0.4358974358974359
891,1,36,27,236,2025-06-09,0.11440677966101695,1.3333333333333333
892,1,62,25,168,2025-06-10,0.1488095238095238,2.48
893,0,65,130,38,2025-06-11,3.4210526315789473,0.5
894,0,30,144,16,2025-06-12,9.0,0.20833333333333334
895,1,56,110,196,2025-06-13,0.5612244897959183,0.509090909090909
896,0,21,76,188,2025-06-14,0.40425531914893614,0.27631578947368424
897,1,38,106,52,2025-06-15,2.0384615384615383,0.3584905660377358
898,1,53,129,58,2025-06-16,2.2241379310344827,0.4108527131782946
899,0,53,58,74,2025-06-17,0.7837837837837838,0.9137931034482759
900,1,22,147,72,2025-06-18,2.0416666666666665,0.14965986394557823
901,0,19,100,15,2025-06-19,6.666666666666667,0.19
902,1,54,146,93,2025-06-20,1.5698924731182795,0.3698630136986301
903,1,19,120,152,2025-06-21,0.7894736842105263,0.15833333333333333
904,1,60,110,252,2025-06-22,0.4365079365079365,0.5454545454545454
905,0,59,51,198,2025-06-23,0.25757575757575757,1.1568627450980393
906,0,40,53,261,2025-06-24,0.20306513409961685,0.7547169811320755
907,0,54,112,26,2025-06-25,4.3076923076923075,0.48214285714285715
908,0,59,67,12,2025-06-26,5.583333333333333,0.8805970149253731
909,1,35,32,267,2025-06-27,0.1198501872659176,1.09375
910,0,26,54,176,2025-06-28,0.3068181818181818,0.48148148148148145
911,0,55,27,61,2025-06-29,0.4426229508196721,2.037037037037037
912,0,40,86,15,2025-06-30,5.733333333333333,0.46511627906976744
913,0,35,76,79,2025-07-01,0.9620253164556962,0.4605263157894737
914,0,57,141,3,2025-07-02,47.0,0.40425531914893614
915,1,53,75,184,2025-07-03,0.4076086956521739,0.7066666666666667
916,0,30,30,164,2025-07-04,0.18292682926829268,1.0
917,0,41,142,93,2025-07-05,1.5268817204301075,0.2887323943661972
918,1,30,88,34,2025-07-06,2.588235294117647,0.3409090909090909
919,0,69,142,201,2025-07-07,0.7064676616915423,0.4859154929577465
920,1,32,65,27,2025-07-08,2.4074074074074074,0.49230769230769234
921,1,68,138,160,2025-07-09,0.8625,0.4927536231884058
922,0,55,40,58,2025-07-10,0.6896551724137931,1.375
923,0,31,84,201,2025-07-11,0.417910447761194,0.36904761904761907
924,1,19,141,192,2025-07-12,0.734375,0.1347517730496454
925,0,52,106,88,2025-07-13,1.2045454545454546,0.49056603773584906
926,0,60,132,44,2025-07-14,3.0,0.45454545454545453
927,1,54,142,148,2025-07-15,0.9594594594594594,0.38028169014084506
928,0,45,147,62,2025-07-16,2.370967741935484,0.30612244897959184
929,1,21,50,134,2025-07-17,0.373134328358209,0.42
930,1,38,124,37,2025-07-18,3.3513513513513513,0.3064516129032258
931,0,57,74,124,2025-07-19,0.5967741935483871,0.7702702702702703
932,0,23,139,136,2025-07-20,1.0220588235294117,0.16546762589928057
933,1,18,38,138,2025-07-21,0.2753623188405797,0.47368421052631576
934,1,63,129,15,2025-07-22,8.6,0.4883720930232558
935,1,39,80,45,2025-07-23,1.7777777777777777,0.4875
936,0,49,99,32,2025-07-24,3.09375,0.494949494949495
937,0,51,65,134,2025-07-25,0.48507462686567165,0.7846153846153846
938,0,34,143,207,2025-07-26,0.6908212560386473,0.23776223776223776
939,1,44,59,60,2025-07-27,0.9833333333333333,0.7457627118644068
940,1,20,38,84,2025-07-28,0.4523809523809524,0.5263157894736842
941,1,65,96,24,2025-07-29,4.0,0.6770833333333334
942,1,62,100,54,2025-07-30,1.8518518518518519,0.62
943,1,42,132,258,2025-07-31,0.5116279069767442,0.3181818181818182
944,1,61,59,60,2025-08-01,0.9833333333333333,1.0338983050847457
945,0,69,90,72,2025-08-02,1.25,0.7666666666666667
946,1,21,28,332,2025-08-03,0.08433734939759036,0.75
947,1,35,60,18,2025-08-04,3.3333333333333335,0.5833333333333334
948,1,42,106,58,2025-08-05,1.8275862068965518,0.39622641509433965
949,1,29,124,153,2025-08-06,0.8104575163398693,0.23387096774193547
950,1,56,125,64,2025-08-07,1.953125,0.448
951,0,61,45,29,2025-08-08,1.5517241379310345,1.3555555555555556
952,0,47,113,213,2025-08-09,0.5305164319248826,0.415929203539823
953,0,34,110,166,2025-08-10,0.6626506024096386,0.3090909090909091
954,1,46,113,168,2025-08-11,0.6726190476190477,0.40707964601769914
955,1,25,134,64,2025-08-12,2.09375,0.1865671641791045
956,1,62,78,132,2025-08-13,0.5909090909090909,0.7948717948717948
957,1,34,58,19,2025-08-14,3.0526315789473686,0.5862068965517241
958,0,67,47,102,2025-08-15,0.46078431372549017,1.425531914893617
959,1,37,79,67,2025-08-16,1.1791044776119404,0.46835443037974683
960,0,28,45,123,2025-08-17,0.36585365853658536,0.6222222222222222
961,1,44,130,190,2025-08-18,0.6842105263157895,0.3384615384615385
962,0,60,44,159,2025-08-19,0.27672955974842767,1.3636363636363635
963,1,58,131,252,2025-08-20,0.5198412698412699,0.44274809160305345
964,0,22,34,84,2025-08-21,0.40476190476190477,0.6470588235294118
965,1,65,24,284,2025-08-22,0.08450704225352113,2.7083333333333335
966,0,37,110,32,2025-08-23,3.4375,0.33636363636363636
967,1,21,44,72,2025-08-24,0.6111111111111112,0.4772727272727273
968,1,64,104,112,2025-08-25,0.9285714285714286,0.6153846153846154
969,1,22,23,22,2025-08-26,1.0454545454545454,0.9565217391304348
970,0,47,118,332,2025-08-27,0.35542168674698793,0.3983050847457627
971,1,40,27,174,2025-08-28,0.15517241379310345,1.4814814814814814
972,1,42,139,4,2025-08-29,34.75,0.302158273381295
973,1,32,146,65,2025-08-30,2.246153846153846,0.2191780821917808
974,0,45,88,177,2025-08-31,0.4971751412429379,0.5113636363636364
975,0,34,113,372,2025-09-01,0.30376344086021506,0.3008849557522124
976,1,46,125,184,2025-09-02,0.6793478260869565,0.368
977,0,48,104,58,2025-09-03,1.793103448275862,0.46153846153846156
978,1,45,91,114,2025-09-04,0.7982456140350878,0.4945054945054945
979,0,32,123,294,2025-09-05,0.41836734693877553,0.2601626016260163
980,1,27,61,70,2025-09-06,0.8714285714285714,0.4426229508196721
981,1,26,91,20,2025-09-07,4.55,0.2857142857142857
982,1,44,36,153,2025-09-08,0.23529411764705882,1.2222222222222223
983,1,26,57,60,2025-09-09,0.95,0.45614035087719296
984,0,66,27,60,2025-09-10,0.45,2.4444444444444446
985,1,25,75,60,2025-09-11,1.25,0.3333333333333333
986,0,62,28,268,2025-09-12,0.1044776119402985,2.2142857142857144
987,1,64,23,1,2025-09-13,23.0,2.782608695652174
988,1,42,98,4,2025-09-14,24.5,0.42857142857142855
989,1,26,53,232,2025-09-15,0.22844827586206898,0.49056603773584906
990,0,26,148,213,2025-09-16,0.6948356807511737,0.17567567567567569
991,1,44,142,252,2025-09-17,0.5634920634920635,0.30985915492957744
992,0,36,61,178,2025-09-18,0.34269662921348315,0.5901639344262295
993,1,41,34,26,2025-09-19,1.3076923076923077,1.2058823529411764
994,0,31,24,152,2025-09-20,0.15789473684210525,1.2916666666666667
995,0,41,70,41,2025-09-21,1.7073170731707317,0.5857142857142857
996,0,60,62,180,2025-09-22,0.34444444444444444,0.967741935483871
997,1,22,29,228,2025-09-23,0.12719298245614036,0.7586206896551724
998,0,37,75,53,2025-09-24,1.4150943396226414,0.49333333333333335
999,0,41,26,6,2025-09-25,4.333333333333333,1.5769230769230769
1000,1,31,87,36,2025-09-26,2.4166666666666665,0.3563218390804598
